id,name,distance,avg_grade,start_lat,start_lng,end_lat,end_lng,effort_count,athlete_count,star_count,polyline
6280517,Segment,742.1,12.9,37.434155,126.903359,37.435798,126.909759,345.0,273.0,1.0,mjncF}xpeWIs@B}ABs@RqCKq@Em@Do@?s@Hq@^_BCSCmASQMUSWg@Cc@KWM[CKDg@@_@KOBY[M_@JWFi@Di@Og@?[OiAIU?U]k@
17138730,삼성산 시민 휴식 공원 #1,281.6,-1.2,37.454817,126.910413,37.45478,126.910404,202.0,14.0,0.0,qkrcFaereWA?Je@NQJUP{@A]EGGCGAGb@q@dAUj@STMFAHBJXZF?PCJIPOBO
34410820,대림아파트 공원 >> 관악산 둘레길,537.2,19.6,37.431023,126.905993,37.431846,126.910947,35.0,17.0,0.0,{vmcFmiqeW?EOK?IDADOAOEGAG@MGWAo@LUH[JOF]AIBIAOHOBQNUL]@UCK?QIk@IOKc@?CFEIWAAHMIHMC_@YA@EACGAGFMAI?KFQEG@GMKEYKEGOKOE[EEOe@MOAIMMGAEKGW@IKY@MAA?Y
18377335,건설환경종합연구소-연주암,1606.4,23.1,37.447224,126.949625,37.442077,126.964391,1007.0,635.0,5.0,c|pcFczyeWJ?b@NDCBE@WEi@Ba@Ja@AORe@`AqATc@H_@?GGO?IIk@?}@AKTs@D_@AM@UEm@?CLEx@sAFwACm@PmAXiADm@Hk@`@kAJaALg@Bc@Gg@HoAd@eBE_@@k@HIJk@Jc@JQ?UHC\k@VOLChAu@HY`@[f@k@\EVqA?QPyAHUPa@J[VSZDHDBKB[?QGM@OJo@?_AFk@@m@LK?OP[Ha@Ri@Bg@RS?eALGFQBw@La@?K
21920281,진옥자전거캠프-관악산(연주암.연주대깔딱계단)(JOBC),246.5,26.1,37.442973,126.964769,37.444952,126.964078,4967.0,2698.0,3.0,qapcFwx|eWw@p@[R[?UAULc@D_@GK@GNWd@_ACQH[@QE
21780875,진옥자전거캠프-관악산(낙성대구간)(JOBC),1197.0,15.1,37.451958,126.967995,37.445418,126.96444,3316.0,1687.0,2.0,uyqcF}l}eWbAY|@KhAs@R[n@cAL@HALGLKR?t@_Ab@c@lAw@^MLAv@Fr@EHLVNb@MRFb@Gr@@LAL@P\HBf@FHDX@NJDFE\HRNJFRDVHdB`@`BFf@RHFHFVDHJBHHFXLPHf@?ZLRIA@B[rA@PEPIFS@EPDJJDHXJJFPDXHRZ\Nf@Df@DPp@\JJFJ
12276391,SNU engineer hard uphill 600m,647.0,10.2,37.453363,126.953617,37.447874,126.95209,1374.0,444.0,6.0,obrcFaszeWVHp@ZXPvAf@fAh@VFbBr@dBh@~@b@f@ZRBvBCd@@H@PCXDj@@HCd@@RBL@v@ETER?RB^C
20091476,진옥자전거캠프-관악산(연주대깔닥계단)(JOBC),1133.4,22.2,37.444605,126.95877,37.445045,126.964149,2440.0,1427.0,2.0,wkpcFis{eWLHLADSLW?KDGPCTIPYGU@EDABBND@ID?JF@IDGJCLMTBL?BBF@?IGO?UJ_@AW@SFSHIECJQ?GFEAIJMD_@HGB@FCBQPIPGLL@WF]GADQKB?MTw@GAF[CI@EAE@e@D]IKEY@E`@]DKNKLe@HKBOAO?FAG?GHWLOBMGm@\s@GQ@KEWAYIQAKW_@MK[GYJ[DUCs@Dc@`@a@B]J[AOB[XG?KKEAIJEJ?Z@DCHKEKFQ?CNQEMQM_@MAEBQ?UE
5125219,Segment,309.8,16.8,37.444852,126.968142,37.447067,126.969396,512.0,312.0,0.0,impcF{m}eWQBKN?FK@CMK?[]K?WEKBKHSBg@_@c@GSYOIK?GIWMU[YUMIMSCMECG[IKOI
25835690,무너미고개 → 학바위능선 → 소머리바위,1736.0,18.6,37.439055,126.947938,37.440937,126.963391,321.0,246.0,0.0,aiocFqoyeWIq@Fc@Tu@NQBWHY?KAK@EBW?mAWe@WSCOCAEKIs@?GF]AYFABCFW?]LKEUBMa@UGKHADCO]GSGEEYSWOGCGGCI?IO?GDC?IECI]FYD@LC?GOAIOCGBMFEEOGEJCN[MUMEAGDC@U@CGE?E@CNBGU?SBAFBBGPMFKASDIBU?MDGBM?UDAAKBIFGB_@CSDQAQL[AWHe@@eAIk@?OKa@@GQ_@Kc@HKMe@FWAUS]?M@WKcABQEMA]A@BMGWEEAa@[e@O@KJKAGGQAc@]MQIG@ESWM{@IMCc@Ko@@a@CSSg@IGCIAQDAF@PIBEJk@AW@KAG@OEc@CKDYCa@HeACS?m@EM?KCGA@CCUu@GGEOCiAGU
6439630,Segment,665.1,12.1,37.447599,126.925422,37.446371,126.930513,259.0,123.0,1.0,m~pcF{bueWqAs@c@e@g@[s@_BOu@?y@Xk@@y@SkDJw@^i@rAq@l@Gf@]pAo@nAy@l@cBf@Y
16081901,to the false peak,2044.2,21.5,37.442637,127.053345,37.429023,127.044943,2161.0,1394.0,4.0,m_pcFkbnfWPh@F@\GhARPFJ@HGXYFGHAv@NVBX\ZTN`@h@NZn@FFRFFJXLX?ZNJJf@r@Tb@JFZJXf@JEb@BLJTf@P@JBF\?RDLLBNLNGPULIL@r@c@JDVKJ?NFNM@FFBPCx@Jz@Rb@CJCN?FBJED?JBDFPH^I^MH@BIPMBOVWL\HDFITKFIP@FKLG\ERDHFFLNn@H^Bh@Jj@Vf@RRZz@B`ADR\l@RPZ|@t@b@Ff@B@DCJd@TTLTFj@d@RH?HFLCFFB?DJDAD@BJF@BDHCLR`@CXBFDLGL?l@QXA|@Sb@Df@b@VNNBLHz@t@FRRX`Ap@RVR?LFL@d@t@DLJJCj@LtACJA\
22116933,TRB-청계산 깔딱고개 버티컬,1022.0,19.6,37.434362,127.044608,37.42896,127.044531,4774.0,2562.0,5.0,wkncFwklfWFULKJODMPIDOHGFIJaAJMLe@@OHMFa@HS?OHSGM@DAEFDCGL?JDFEJ@HCDFJIL?@BF?BCLCBCF?LG?BJKD@FCJATUPABGACHGBMHIFYFK?IB?BO@AN?BEAI@DJ@LHPDDEPCB@JAF@NGBGlAAJGl@@HD?[Ld@LHBHFFLDDFP@NJHTLBLJNBCF@BRXF@DF@AJF@BHD?BJDBHJH@DB?LJBA?G?RLL@BF@BA?CFCCHBDHDBC?HB?NLAJJF?N@G?BFDAf@BJBC@B@v@BLCl@AN@XP\
6924327,매봉/Maebong Climb,3830.2,13.1,37.451072,127.043167,37.428917,127.044697,1165.0,650.0,2.0,etqcFwblfWLOFA\YJ@F^DFBTHR@PH`@Bb@ZrAZx@Jx@Th@PRHTNx@Fp@APKTJ|@LVVZPn@d@x@Lb@LPXrAJNFP@RCb@@Rd@l@PPZNDHTJBFh@TLBL?PDLAFGJBF?d@Ud@AZLHET?RHR\D?ZKFOPMVGLGFI?EDM`@m@TSRELIXIPKl@MJAHDn@DFHPBFDXGj@DJFL?FBb@j@XNHBd@@F@JCLDNJJ?X`@JR`@^v@XH@FAFBHEJBZPHAFDPPFAFBF?FTJB?H`@\BF@JF@NT?@HNAJBJDBABBHf@l@BFJHLTZTLA^B^CF@TGl@ALIXATUv@UhADHAPIXW?UBC?KHUViAFM\[HWTSFSF}@Ce@DQBYSsADU@a@Rq@Hs@EgAMu@?QL{@FQN{@@WVeARWH?x@M\ONSTQHMRm@DYVi@Xc@r@w@FMJKTY@IGUBa@`@CVKJAFDL?DEVq@@E~@gAJWNKHS^MdAg@d@Ep@WH_@JGLUTMBGFEH[?KDSDOJKNYF[AIFKAUJc@B]BEh@QFEPBLG?@FAL@BE@@HEJIJ?HGNARINMHCLUFCBIFC@SLWDOFEPAj@BXET@XKV?h@EB@RIf@Av@l@r@THH\LJHV\`@XXXHDRZ@FJFJ@LPZNX^D@AP@XFJ?dAAHBZAB?PJ\JLHB
26504777,진옥자전거캠프-청계산(청계산역-진달래능선입구)(JOBC),589.6,8.4,37.445086,127.057296,37.442293,127.052448,1898.0,1108.0,1.0,wnpcFa{nfWBBDIYQbBpAj@Z^NFTFx@HLD^JdAXp@Nr@Zr@d@pBLTn@t@n@jAb@\f@v@Rh@X|AL\
26492636,진옥자전거캠프-청계산(쉼터-옥녀봉갈림길쉼터)(JOBC),965.0,25.3,37.438545,127.050781,37.432082,127.047278,2759.0,1646.0,0.0,{eocFkrmfW@RDDJDVARUJA\OTGDGHGZGZ@LEDDPEp@Zh@DPFh@?nAQNBJLT@h@S`@g@FCFAFE\TJMNEJA^YPCHBd@ZZz@FZJhAZz@RXJVH^Bd@Fh@Xn@VZ\h@JHJ@LPFP?DDDH\^b@d@bATLXBBBF?NNJCHPLLD?DCJAXP
26778778,진옥자전거캠프-청계산(혈읍재갈림길-매봉)(JOBC),1707.2,16.9,37.429724,127.059439,37.428159,127.043792,111.0,77.0,0.0,wnmcFmhofW?\MRGTE^M^Ep@Wx@@VGp@XbBIt@DBFZJJ@^FBDL@PN`@@VE?BFAFBZAJDXHLFNPTFN?HE??H@ZLr@Ar@H~@Xh@BJ@HABANHRHJDf@LHNXJt@JPJH@RRJKt@?PDvACTUb@MDQV_@\ULMNIb@u@t@M^MLM\W^Uj@SRWt@]fB?PGPATERARBh@ELEx@@XIJFp@AFKDIb@EDARBHXV`Af@NN^l@dAv@h@l@BFJ@HNVJPZLHAZHn@@n@ET@JAXRz@TTJRFBLCd@JLPDDHTPTP\
21074200,진옥자전거캠프-성남누비길(인능산등산로입구-내곡터널)(JOBC),2000.9,7.8,37.434593,127.076025,37.441046,127.080843,1038.0,661.0,0.0,emncFcprfWGHKd@k@x@Ol@IDQES?IEOAORg@SQ?ECg@Eu@HIAMOYGGDIJM|@D\Ed@Wz@Y^Uj@g@XUA[?a@FQ?UGK@A`@ENm@t@EVMPYfASPKC?BMTCLe@f@DZAHEDKDGJ_@ZiAWa@QkAVq@RG?QGEBUBWGMD_@I?DOJ]SBDMBSJW@CFOFs@Ea@@UMU[Mc@c@WEMP]Be@Na@Fs@?KKYIe@C{@GOAKBm@HMBQEIGEEQ?SCMDmABOTQHa@G[KmAEMA]Vs@De@FQ@WP]TQDUD_@EU?i@GUFg@FYXk@Be@Ae@Pk@FIFgAGg@J_AJWLe@\e@H]LWNs@
21074308,진옥자전거캠프-성남누비길(인능산구간)(JOBC),1844.1,4.5,37.452445,127.090742,37.440344,127.081426,275.0,142.0,0.0,w|qcFclufWH@l@?p@\N@H?BIPGLSFCFB^fAb@~@X\v@b@dAbAh@^NJVBDFPD\ZVLFJZXJNRJ^\z@LV?^Ip@G\Q`@KXE\JV@h@Pd@H\LTAV@f@G^Ld@?lB]TBn@XDFFPJLDJRDBTRXJ\JN\~@HHZVJXHHBVAPe@zA?LF\P\Pj@FVCL@NDD@HDFf@t@LXFn@Bx@Fd@PJVDRJV@JBh@d@PH`@d@LDPBf@@n@Gl@@NAj@HzAv@PT`@r@DVHV@XN~@JTLNTb@NHRPLXLB
21074178,진옥자전거캠프-성남누비길(인능산등산로입구-인능산정상)(JOBC),2965.4,5.9,37.434608,127.07601,37.445038,127.087848,1012.0,515.0,0.0,gmncFaprfWOf@m@~@Ol@IDQES?IEOAORg@SQ?ECg@Eu@HIAMOYGGDIJM|@D\Ed@Wz@Y^Uj@g@XUA[?a@FQ?UGK@A`@ENm@t@EVMPYfASPKC?BMTCLe@f@DZAHEDKDGJ_@ZiAWa@QkAVq@RG?QGEBUBWGMD_@I?DOJ]SBDMBSJW@CFOFs@Ea@@UMU[Mc@c@WEMP]Be@Na@Fs@?KKYIe@C{@GOAKBm@HMBQEIGEEQ?SCMDmABOTQHa@G[KmAEMA]Vs@De@FQ@WP]TQDUD_@EU?i@GUFg@FYXk@Be@Ae@Pk@FIFgAGg@J_AJWLe@\e@H]LWNw@JWPSTMJYf@SBWAKg@YM[IEMMQu@Cg@Qq@c@aA[U]Sc@[_@K[C[IW?u@Vi@AOK_@a@q@c@MMS?OC}@WQKKc@MmBUi@W[GOGGCKAc@I[[q@IYCUBSf@wAA_@O[c@g@Ss@QYMk@KQ
4135954,Segment,864.6,5.3,37.441814,127.083314,37.445404,127.088176,1254.0,744.0,0.0,izocFu}sfWEAMMOG]?SCMDGAI@WHCDYDG?SGSAKOi@c@IAQQKQKBME[KSAk@UIUCSBUK{@BMAQISIKEMIEKKAIEC@?GAGq@IQG_@Sc@EQCe@DM?SFc@HMDA@K@?@SBACOC?@@CKIOIAEIICGIIQMo@CCQ_@?MIGAMOOA[C?BGHADD?BIBCFCA@?@BHMDYD?CA@A@NB?EEB?@BAGG@?GC?ANCDEDK@IHEBOII_@EG
1984289,심곡동 396 93 Climb,467.0,13.6,37.449186,127.088429,37.445423,127.088361,679.0,190.0,0.0,khqcFs}tfWr@FFDLEJ@NIJ?BC`@GTMDGJEPAHCh@CH?PJJ@@DHBDARLT@PFL@NNJDVKHBn@GH@XRn@APEROZGHANIJ?BBN@@DHHJ?JFB?
32381372,(RUNSDONE) 인릉산 정상아래 UP&DOWN ,395.9,-0.8,37.451452,127.090656,37.451425,127.09068,64.0,27.0,0.0,qvqcFqkufWH\FHAHFHZr@VXXXbAf@d@j@d@\JBOEi@e@U[sAs@]a@Wc@Yq@Gk@
28298058,목감천한바퀴 by 뚜비형,8297.1,0.0,37.481402,126.851381,37.481354,126.851394,493.0,97.0,0.0,wqwcFctfeWKeA?q@Es@e@uAQ[]a@q@i@e@{@iAeB]YoDwAsAm@kBo@YOMG]_@c@q@e@yAKu@Ee@Mo@@uAEm@I][k@?Ke@{@]a@g@g@kA{@o@o@YSgC}BmEkDaCaCk@c@_C}BQ[Qg@Si@CSSqA@YWaC[sBu@aBiAoBaAsAeBoBWSAIB?FRp@dA^v@x@n@d@l@z@vAt@xATv@Ll@RpBCf@B`@VdBNh@\|@V`@`AlArAjA\Vl@j@^Xj@f@lAz@tHvGp@f@d@ZXXl@f@Z\d@~@N`@Jb@JzAA`@I^@r@`@~Af@fAZ`@ZXl@\tFxBjCnANJlA|Az@tAd@`@^l@\`ANpAF|@C~ADdAMvBUl@_@pBOj@ILIl@Ur@K~ADp@Lj@h@tA?Hv@fATLRZfAv@f@Nl@DjDJpHXj@Ht@Dr@Hn@An@Nf@@FCf@@~@Hf@HjA@ZB^?ZB\ArBLpANp@DtALjGTlAHx@?pBj@lAXhAPh@RjAz@xAnAbAhAn@d@tA~Af@ZV\x@x@t@j@f@Nj@JZDb@AIG]E{@Oe@MUOk@a@mAkAYa@cBcB_@[KE_@a@mBgBg@a@_Am@u@Y}Ce@UJI@MGID_@Sc@QuBYeAEk@?oAOiBOg@?sBSQCOBs@CkIq@i@ASEsACeCSe@Aq@?{AQs@@sAGcDGg@@{@G{@UOIs@m@i@o@Oa@Mm@Sm@Oo@IiAFeB\iAPsAn@kCNsDKkA
17347817,목감천10k run,10008.9,-0.0,37.476521,126.845875,37.469155,126.844188,332.0,52.0,0.0,gsvcFuqeeWz@RN@FAVDNGJBFEDBDED@`@OR?XFJ@b@RPD`@RBChAAVFHI`@Jl@E^Kx@@dBl@RCjANV?v@HR@VC~ANXHJ@d@PDKH@tBl@fARh@T`An@dA~@\Pt@~@n@h@`@d@^^p@d@`@^BABLr@x@\Z^V^JdAP\?BCk@J[@u@Mc@Ok@e@q@s@IOKASY_CaC}@eA{@y@yAkA{@e@m@OkCc@[MC??DEAYISQQ?EESCuA?a@G]@UAW@SC]BWEi@AMDQ?e@EkAUa@?g@Kq@AQEQ@@CMC]?gBI]GO?y@I[?s@EU@QCS@e@Aw@MoBQ_BUW?[EO@_@EO?q@KwAD{@Ca@C_@@a@Ee@?YEm@?s@KWKUOg@a@YQOSCOSo@MDCCEOWe@Ke@MwALkA?a@AQF[?[g@m@DE\CFMR}@F{@HWDYR_@J]Bw@@uBM_CAk@CWYs@g@aASSw@m@KSU_@Wi@e@o@c@c@c@Ug@G}@WIGe@So@]w@Mc@QSCoBqA_@o@Uq@A_AEa@Ki@A[GSGGE_@CiBGm@Og@a@u@y@c@WSAEOE]U}C{Cq@g@q@s@[SQQWQQUi@a@e@[q@TRs@@FQIc@e@c@S]BW[KEGOKIEGe@YEO]WGCIWBO[o@G[IQc@wAIm@Um@Gi@?k@IeAQeBOm@e@}@Y_@{@yAeAiAUYYW_@k@f@Xx@l@v@|@t@xAz@xAP^J\TbBLpBCx@\jAHh@L^Rl@b@p@RRRFhAx@n@ZJBRJVRJLv@j@X\~AvA\`@~@x@`@`@d@^d@f@v@j@bAbA\T~@x@TZ^h@P\T`AHr@F|@?l@Lf@FpATfABHZ`@Xf@d@`@nA^r@XTFXL^J^PrAp@h@L\Lh@j@Zb@`@b@t@nAXn@ZZJP^x@TbA?x@Fz@AbAFzAAPMr@@t@GNQVMj@w@fEIfA?hAHx@H`@d@rADV@TD@PC@BZPd@b@z@p@`@NZDjBHdDC\Ef@Ax@L`ADd@JVBbA?|AJf@APD^@h@Mb@Ch@JZ@TFb@CJDP@^FLHd@Nx@FTLLD\?^F?MFENJv@y@FANHZCTD@HDHJDHJn@TJ?PH|@Df@?|CZ`ADj@FDDF?VNLD@BZ?tB`@~Aj@pDzCXVV^h@`@l@h@rAlA@BA@H?HNx@|@~@n@ZJf@Jd@BP?e@Fg@Ak@IWMaAu@cA_AKODKACqA_A]_@aAw@o@w@w@q@
38364826,천왕산 업힐,561.1,2.6,37.488367,126.835214,37.485647,126.829944,1159.0,265.0,1.0,g}xcFaoceWJRJp@Zj@`@rAHR\dANZd@xANVR`ATt@j@jAb@jAVb@N`@tApCd@|@HJVPDLFDLV
21911592,신대방~보라매후문,929.1,0.3,37.485133,126.906141,37.48908,126.915312,21235.0,3624.0,6.0,aixcFkjqeWBIGABIECAQDI@UAQQe@iAgBYmC?[Qk@_@cBSk@Mm@_@_DOk@K}@WaAM]I[u@{A]aAYc@Sk@Qe@KcAi@i@[g@WKe@kAm@o@u@iAMIa@c@AUMq@Uq@
21911568,보라매후문~1km구간,997.5,-0.2,37.489297,126.915856,37.485102,126.906048,28946.0,3947.0,4.0,acycFagseWh@`APf@TNV^Jr@?v@HLVVl@lA~AlB\P\f@l@pBNX@JZh@l@nANl@NrATnAFbAV~ABz@VjAh@tB`@tCLrAv@nBv@dCNZLD
26071372,관악산생태공원 런-업힐 [kwssite],338.1,13.2,37.46937,126.911478,37.467198,126.913313,176.0,35.0,2.0,qfucFukreWZe@xA_@d@WDcBdAgCXYnAFb@?f@CTO
30261521,산기슭공원 짧은업힐 [kwssite],127.9,12.9,37.462868,126.907015,37.463996,126.906867,650.0,58.0,0.0,{}scFyoqeWg@CkAJkATa@?
29664505,신대방역 직선코스 왕복 1K,1000.8,0.0,37.486705,126.911319,37.486705,126.911293,1792.0,779.0,1.0,{rxcFujreWXv@HF@\AN@JJN`@~@J`ATnA?P^|AFl@HV@XLj@B`@H`@LR@TL`@H|@JNBTR~@HTJf@N^DBBHCBHYHKIM@KEKIAMMSm@Ue@CO@MYy@AUMy@?IMa@GSYu@?KAOOa@M{@YiAIs@E_@GMCa@ISIk@IMWaAMWKk@?M
10177476,서울대트랙,426.0,0.1,37.46492,126.950743,37.464972,126.950793,419329.0,3328.0,33.0,wjtcFcazeWYIU?SFUPMVITBVFRJTfCpBPPRHR?REPOLQDY?WEYISKS_@Yk@k@cAu@
6237491,Segment,611.8,11.7,37.472008,126.958674,37.471342,126.953887,,,,
6071529,Segment,467.2,8.6,37.458241,126.968227,37.45545,126.965962,,,,
12158666,순대타운,851.8,-0.5,37.484071,126.926072,37.48957,126.91998,,,,
13188666,녹두-보라매공원 도림천 Stride 2.8K,2853.7,-0.6,37.472009,126.933676,37.489506,126.920144,,,,
15105836,관악산입구 임도길1회전,3112.6,-0.1,37.468211,126.946354,37.468205,126.946247,,,,
14608336,서원동성당-신림3교,1042.7,0.0,37.478162,126.933188,37.472405,126.93326,,,,
2662204,사당로16사길 45 Climb,694.9,7.9,37.485636,126.968394,37.480826,126.965376,,,,
12306316,SNU subway to entrance uphill 650m,678.8,9.2,37.478014,126.952312,37.472035,126.953208,,,,
26868043,College of pharmacy,511.1,-0.3,37.45564,126.95197,37.459183,126.95462,,,,
26032053,UTKC_관악산왕복버티컬레이스,14479.0,0.2,37.470349,126.977344,37.47015,126.977178,,,,
28198215,라스포르티바챌린지 관악산둘레길32k,31403.0,-0.1,37.473919,126.981996,37.473966,126.981774,,,,
27310844,2021관악트레일 (개인확인용,9914.3,-0.1,37.476387,126.980142,37.476584,126.979799,,,,
26151400,TRB산러너_남부순환도로_관악산둘레길_오르막,468.8,0.0,37.474883,126.970974,37.471027,126.97056,,,,
21788552,진옥자전거캠프-관악산(낙성대갈림길-연주대-낙성대갈림길)(JOBC),5122.0,0.0,37.461426,126.97046,37.461494,126.970566,,,,
5830597,Segment,331.0,20.3,37.46553,126.972839,37.464649,126.974327,,,,
6280518,Segment,484.5,14.3,37.479201,127.0163,37.476515,127.01797,,,,
1448526,서초1동 1185 Climb,1039.5,12.6,37.48249815311283,127.0204734429717,37.47585264500231,127.01678783632816,,,,
6521843,Segment,382.0,12.0,37.475846,127.005987,37.475926,127.009761,,,,
19117105,Flea Market 400m Reverse,409.0,-0.6,37.484264,126.982811,37.480627,126.982616,,,,
13632454,KR-Seoul: Yangjae Stream: Downstream-Upstream 5km,4994.0,0.1,37.487555,127.055936,37.487032,127.056135,,,,
18677178,영동2교-영동3교 (시계방향),2069.5,0.0,37.47956,127.043594,37.479454,127.04357,,,,
18443666,시민의숲 to 대치중,1233.4,-1.2,37.47419,127.039063,37.482419,127.048126,,,,
3141365,개포4동 산211 4 Climb,577.5,18.8,37.470672366871966,127.06812992238676,37.46932016463988,127.06241067727572,,,,
6237476,Segment,364.4,17.3,37.471896,127.053617,37.469363,127.053079,,,,
16288754,동네한바퀴,2019.4,-0.1,37.478672,127.042853,37.478772,127.042893,,,,
25186042,영동2교와 영동1교 사이,2072.5,0.0,37.481263,127.046433,37.47776,127.041951,,,,
26722292,Mt. Umyeon (우면산) sidewalk (east),1024.6,-1.9,37.482185,127.025829,37.473539,127.029684,,,,
6766898,구룡산/Guryongsan Climb,1628.2,17.0,37.465409,127.046583,37.469081,127.061751,,,,
24722085,꽃시장 영동3교 시민의숲,4901.2,-0.2,37.467322,127.038484,37.471121,127.038034,,,,
16611519,수서역-대모산 정상,3070.0,7.4,37.486527,127.102331,37.47487,127.078947,,,,
26075850,탄천(장지천-광평교),1471.0,-0.5,37.477824,127.117594,37.488925,127.109018,,,,
22577968,TRB - 대모산 GOGO,1023.0,10.4,37.476304,127.089101,37.474794,127.07927,,,,
21125154,진옥자전거캠프-성남누비길(세곡터널-신촌동)(JOBC),1135.1,-14.3,37.456644,127.095166,37.458535,127.106149,,,,
6034946,Segment,382.0,15.9,37.481032,127.097738,37.478328,127.097767,,,,
21262595,Outside SORI park,802.3,-0.0,37.482712,127.120599,37.482607,127.121073,,,,
24483570,율현공원 cc,1228.0,0.0,37.474246,127.116723,37.47423,127.116736,,,,
6034947,Segment,1062.2,11.4,37.47763,127.095573,37.475564,127.085554,,,,
19512331,진옥자전거캠프-수서-대모산(대모산정상)(JOBC),1265.4,11.7,37.47739,127.090788,37.47504,127.078327,,,,
22578666,TRB -대모 수서,3260.0,-8.7,37.474826,127.078912,37.486352,127.102362,,,,
21102177,휴먼링 시계방향(꿈에그린),4351.0,0.0,37.476179,127.137719,37.47615,127.137964,,,,
23256991,휴먼링 서-동(시계방향),641.0,0.5,37.481981,127.140288,37.481862,127.147238,,,,
23256995,휴먼링 북-남(시계방향),1449.0,0.6,37.481834,127.147366,37.469338,127.145626,,,,
12170501,고척근린공원-러닝트랙,803.1,0.0,37.504252,126.852127,37.50427,126.852132,,,,
11789704,Thr Climb,314.4,9.2,37.514248,126.831096,37.512843,126.829264,,,,
11789753,The Fall,451.0,-2.9,37.512897,126.82925,37.511172,126.832689,,,,
22303260,궁동저수지생태공원 동측,296.3,0.0,37.500743,126.829231,37.50079,126.82915,,,,
39558414,신트리공원 러닝트랙 CCW 3Lap,998.5,0.1,37.514287,126.855969,37.514263,126.855993,,,,
37408761,오류동역 1k,1003.8,0.1,37.495161,126.844008,37.495246,126.844051,,,,
38180205,계남공원축구장 트랙 1K,1004.4,0.1,37.50913,126.85552,37.50886,126.85499,,,,
11789643,Hospital Road,285.2,-0.4,37.512089,126.832608,37.51429,126.831164,,,,
39558394,목동11단지N CCW,1217.4,0.0,37.514062,126.857544,37.514055,126.857515,,,,
13677796,Skate Track - anti clockwise ,357.9,0.0,37.517243,126.880504,37.517241,126.880485,,,,
27024636,Dorim Reservior Track,231.7,0.0,37.506723,126.897868,37.506718,126.897859,,,,
12075130,Back Straight - Finish,860.9,0.4,37.515044,126.882284,37.510983,126.890427,,,,
14556625,고척교-안양교,708.0,0.0,37.498419,126.871072,37.492201,126.871423,,,,
11845300,Home Straight - Start,904.9,0.2,37.511084,126.891086,37.515471,126.882668,,,,
28028127,양천공원 둘레코스 by Derrick,731.2,-0.2,37.518883,126.868226,37.518904,126.868136,,,,
11678790,OhgeumGyo - Foot Bridge,1237.0,-0.0,37.509847,126.872781,37.518435,126.879274,,,,
12075113,Ohgeumgyo - Shinjeonggyo - Reverse,1053.7,-0.0,37.507729,126.874675,37.515648,126.880827,,,,
26653817,Dosin-ro 9-gil,373.1,0.9,37.505177,126.897149,37.507792,126.894948,,,,
12067543,Omokgyo Br - Oh Guem Gyo Br,1806.5,-0.3,37.524,126.87837,37.509697,126.872754,,,,
6471711,여의도공원 산책로 트랙,2514.4,0.0,37.524679,126.921424,37.524584,126.921311,,,,
10794949,R 보라매공원 1바퀴 0.6Km,632.2,-0.1,37.493116,126.920122,37.49311,126.920145,,,,
18725216,SF 10km Finish,805.6,0.8,37.52093,126.961238,37.517589,126.96933,,,,
5663897,Han River Bridge Island half lap,929.3,-1.1,37.518157,126.959647,37.516655,126.958862,,,,
16715116,한강철교 → 한강대교,523.6,-1.9,37.523248,126.955949,37.52068,126.960827,,,,
18165731,숭실대뺑뺑이,363.7,-0.1,37.497572,126.955426,37.497566,126.955399,,,,
6648790,φ Noryangjin Park Traverse [South],938.9,4.1,37.511606,126.95332,37.505667,126.954104,,,,
15767911,여마클 10km,10006.8,-0.0,37.524762,126.936428,37.524552,126.93668,,,,
16086545,서달산자락산책길#1,432.0,1.4,37.494868,126.961983,37.498023,126.960285,,,,
9202368,Dangjak Climb #4,650.4,3.9,37.493544,126.966068,37.497129,126.961938,,,,
6483079,Seoul Flyers 10k Loop,9883.8,0.0,37.517425,126.970055,37.517384,126.970026,,,,
27261773,잠달(한남대교 스프린트) 한남->반포 방향(한남대교 엘리베이터 옆/파란이정표->잠원나들목 횡단보도/파란색 한강 이정표),447.4,0.0,37.524605,127.015799,37.52146,127.012764,,,,
5408002,반포대교 (북쪽),695.0,0.0,37.512577,126.99738,37.518403,126.994545,,,,
19302594,Ichon Dirt Path(E2W),923.7,-0.6,37.51483,126.980972,37.516565,126.971039,,,,
8301826,교대 트렉 1바퀴,412.0,0.0,37.491001,127.016068,37.491056,127.016122,,,,
1510863,반포4동 49 6 Climb,844.6,6.2,37.50352080449229,127.0059354511341,37.49721912204986,127.00763119396474,,,,
1510864,방배4동 산17 3 Climb,339.6,13.9,37.4940205877996,127.00313832622672,37.49249596152221,127.00042619381752,,,,
19010968,Bogwang Tunnel to Jamsu Bridge,999.0,-1.2,37.524404,127.002702,37.518948,126.994525,,,,
12871071,banpo to ichon,2095.8,-0.3,37.518446,126.993044,37.516851,126.970511,,,,
9202354,Dangjak Climb #2,721.6,3.9,37.49789,126.978774,37.493765,126.973269,,,,
8356973,잠실보조운동장 400m,402.7,0.0,37.517032,127.070273,37.51703,127.07028,,,,
12333537,Memory Gongs,118.8,9.9,37.503671,127.069559,37.504296,127.068669,,,,
1237484,Seoul Korea Park Run,1992.5,0.0,37.5111568,127.0501283,37.5111724,127.050058,,,,
13637576,KR-Seoul: Dogok-ro - Teheran-ro 1km Block,919.3,1.2,37.494357,127.047089,37.502066,127.043293,,,,
20513634,양재천 1.5km (kooR),1466.7,0.0,37.50032,127.073828,37.490596,127.067227,,,,
6169530,sinnonhyeon hill,366.9,10.1,37.50476,127.024851,37.505872,127.028697,,,,
12368034,I love apple pie,162.0,2.6,37.513505,127.060019,37.513766,127.058535,,,,
11272585,Seonjeongneung Park counterclockwise,2036.7,0.0,37.509172,127.044347,37.509244,127.044269,,,,
15088931,canal parkway oob,7723.1,-0.2,37.500283,127.072385,37.500216,127.073746,,,,
12287096,Seonjeongneung Hill,478.3,4.2,37.509059,127.052889,37.510888,127.04891,,,,
6884991,석촌호수 런닝코스,2533.9,-0.0,37.507053,127.098628,37.507086,127.09861,,,,
14710004,SLakeCircle Start East,2651.6,0.0,37.513088,127.106923,37.512999,127.107182,,,,
26829624,만남의광장 에서 족구장까지 업힐 JS1,590.7,2.7,37.517979,127.117077,37.51804,127.122705,,,,
21761338,돼지런 스페셜 : 김승현 PICK,2831.5,0.1,37.518229,127.126048,37.518189,127.12599,,,,
20513649,탄천1교~탄천교 (kooR),1822.5,0.0,37.499726,127.081592,37.49337,127.100481,,,,
8461366,올림픽공원(에너지런),2803.3,-0.0,37.519108,127.116511,37.519124,127.116739,,,,
26829641,성내천 올팍공원옆 JS1,910.6,0.1,37.523934,127.12708,37.524424,127.117533,,,,
22660585,IrwonEcoPark Small Loop J.K,531.3,0.5,37.494712,127.086935,37.49469,127.08694,,,,
14091996,석촌고분공원(반시계방향),847.3,-0.1,37.501406,127.102458,37.501372,127.102367,,,,
15225787,잠실TR 10KM,10018.4,-0.0,37.518287,127.081544,37.518081,127.081515,,,,
8231184,올팍 장미공원까지 스프린트 ,235.0,-0.6,37.51541,127.130098,37.513246,127.128998,,,,
25184475,TRB-거여공원 한바퀴,388.6,0.0,37.497293,127.141453,37.497276,127.141435,,,,
23927113,TRB - 오금공원,256.0,-3.4,37.503239,127.132623,37.504304,127.133074,,,,
16852736,올팍 SN,883.5,-0.2,37.512866,127.128442,37.520038,127.133245,,,,
25933753,TRB 화랑- 오금공원 버티컬3,220.2,-0.3,37.499891,127.13376,37.499933,127.133728,,,,
6693151,Segment,775.1,10.2,37.49899,127.154807,37.503426,127.157583,,,,
30415242,TRB - 성내천 굴다리,740.0,-0.1,37.512253,127.135219,37.505882,127.136448,,,,
13873850,휴레 우장산TR B코스 900m,922.1,5.0,37.553883,126.843524,37.551265,126.84231,,,,
21967516,서서울호수공원 몬드리안A,934.5,-0.0,37.527559,126.829863,37.527572,126.829829,,,,
13873770,휴레 우장산TR A코스,1539.5,0.0,37.549154,126.842697,37.549197,126.842644,,,,
17220825,NBR277 C코스,1967.5,0.0,37.540769,126.820111,37.540791,126.820151,,,,
5494470,Segment,536.3,8.5,37.552035,126.840404,37.551278,126.843358,,,,
21967575,서서울호수공원 몬드리안B,101.2,-1.7,37.525854,126.831072,37.52661,126.831554,,,,
23003773,강서철인클럽 근전환 코스,1335.4,-0.5,37.546542,126.824119,37.546612,126.824141,,,,
16942777,NBR277 5K,5011.5,-0.3,37.541272,126.825287,37.543726,126.819057,,,,
16942734,황소와악돌이10K,10084.9,0.1,37.540073,126.820161,37.540765,126.82021,,,,
6585484,Segment,592.9,7.7,37.552615,126.853323,37.549766,126.857841,,,,
16918444,[hirun]망원유수지 트랙,459.5,0.1,37.55758,126.8979,37.557602,126.897931,,,,
21239045,달리기,1955.0,-0.3,37.554401,126.875625,37.539597,126.886288,,,,
15776404,여의도 8.2km,8151.4,0.0,37.529377,126.91072,37.529348,126.910656,,,,
17049177,Hapjeong to Seongsan Bridge ,1570.0,-0.1,37.546505,126.906936,37.555672,126.893805,,,,
6638054,파리공원,726.8,0.0,37.533844,126.876819,37.533825,126.876781,,,,
13378457,여의도LSD코스-8Km,8198.4,0.0,37.533447,126.909824,37.533583,126.909259,,,,
13069367,양화대교(남->북),999.0,-1.2,37.539466,126.900762,37.546336,126.907938,,,,
11845321,Mokdonggyo - Yangpyeonggyo,1097.3,0.0,37.530775,126.889203,37.539991,126.888573,,,,
21239097,용괴,357.0,9.4,37.541307,126.876616,37.54308,126.877102,,,,
10541753,성산~가양턴하고~성산 10km 구간-made by 우이리,9654.9,0.1,37.546041,126.890705,37.548412,126.888153,,,,
5746967,서강대교 (뿍>남),1124.5,-0.0,37.54296,126.928827,37.533963,126.923029,,,,
17428885,마포대교to서강대교,1349.8,0.4,37.537285,126.941574,37.543169,126.929527,,,,
17194605,Wonhyo2Mapo,1187.3,-0.2,37.530354,126.951454,37.53672,126.942009,,,,
8584198,여의도공원 Conrad Entry,2662.0,0.0,37.526845,126.925087,37.526544,126.92444,,,,
19025582,Hyochang Stadium Reverse 400m,429.5,0.0,37.543773,126.961673,37.543763,126.961687,,,,
26758097,circuit 250 m,264.5,0.0,37.556707,126.96598,37.556693,126.965942,,,,
11423749,[여의도]8K_2주차장기준한바퀴@ddamdo,8215.2,-0.0,37.528637,126.931716,37.52877,126.931568,,,,
5422492,여의도공원 (Start/Finish @ Entrance #12),2486.8,0.1,37.526306,126.923902,37.526178,126.923796,,,,
8241912,Ewha track CCW,223.9,-0.1,37.559967,126.944416,37.559985,126.944283,,,,
9022750,경의선공원,1148.5,0.0,37.544981,126.947042,37.544966,126.946968,,,,
7440088,[휴레] 남산업힐(약수터->버스정류장),1771.1,5.4,37.550442,126.998881,37.550763,126.991291,,,,
2143255,Namsan loop,7882.8,0.0,37.5411526,126.9977576,37.5413186,126.997844,,,,
7455930,[휴레] 남산TR Part 2,3088.0,0.6,37.55498,126.98401,37.550949,126.997625,,,,
5597616,The Scream (Namsan Tower),1143.7,-10.4,37.551131,126.990413,37.55219,126.982507,,,,
27160996,[TOF] 남산 순환로 업힐1km (by JK) ,1002.8,2.7,37.553473,126.997498,37.551503,126.997558,,,,
13523379,Dirt Track Lap,428.5,0.0,37.527843,127.020142,37.527841,127.020145,,,,
9536331,tree alley ,360.1,4.8,37.548822,126.992996,37.551268,126.990714,,,,
1592983,회현동1가 205 2 Climb,798.5,6.8,37.55860085,126.97684597,37.55535743,126.9814893,,,,
10491921,응봉공원 loop,1116.5,-0.0,37.554913,127.020845,37.554888,127.020887,,,,
9278345,gate to Samgakji,381.1,-0.4,37.534665,126.980418,37.53452,126.976119,,,,
26913830,건국에이스- K 코스,2105.5,0.0,37.542069,127.041654,37.542048,127.041666,,,,
27261839,잠달(성수대교 언덕훈련) 성수->한남방향(오르막시작 즈음 왼쪽 파란색 한강 이정표->정점 바닥 초록색매트),225.5,2.0,37.533964,127.032225,37.53458,127.029841,,,,
16391228,Forest to Seongsu,513.5,0.4,37.537899,127.041367,37.539824,127.035995,,,,
25680364,Über die Brücke,198.2,0.0,37.545833,127.03008,37.544677,127.031677,,,,
16391214,B2B,2190.8,-0.0,37.539947,127.035746,37.532757,127.058703,,,,
10892460,Bake the Snake,1142.0,-0.2,37.531877,127.023403,37.533368,127.034819,,,,
10499895,Foot Bridge,1615.5,0.1,37.541148,127.031591,37.543689,127.024437,,,,
23720866,응봉공원 내부 트랙,293.2,0.4,37.557379,127.022569,37.55733,127.022614,,,,
15016882,[HUMANRACE] 뚝섬TR 10K,10007.1,0.0,37.531012,127.065154,37.531161,127.064356,,,,
27728091,Bridge to Bridge Northside,811.3,0.0,37.553475,127.044198,37.550652,127.03591,,,,
26025421,어대트랙 5k By 대공원King,5029.7,0.1,37.5473,127.08426,37.547714,127.083992,,,,
11401341,[얼공]1k후문→분수대(북)_@ddamdo,1067.3,-0.5,37.551182,127.08666,37.549546,127.077856,,,,
26607022,끝난줄 알았는데 또있네 업힐 700m,710.4,1.1,37.548752,127.077413,37.548594,127.083778,,,,
16356899,광장동 구리 왕복 10Km,9634.8,0.0,37.540876,127.104415,37.540886,127.104422,,,,
22955618,TRB-강북 천호대교 잠실철교 구간 측정교,1606.0,0.4,37.543874,127.107878,37.5334,127.095572,,,,
23003952,올림픽대교(남단) -> 천호대교(남단),1517.3,0.0,37.530151,127.107904,37.541848,127.116207,,,,
24680117,어린이대공원한바퀴,2241.8,0.1,37.550639,127.083514,37.550009,127.084568,,,,
13585492,일감호,1077.8,-0.0,37.539333,127.076826,37.539252,127.076664,,,,
20204917,기원정사 오르막,305.8,11.5,37.554982,127.093454,37.556651,127.09586,,,,
25403563,진옥자전거캠프-아차산(생태공원구간)(JOBC),750.6,11.4,37.552663,127.099815,37.557838,127.103758,,,,
13127102,Goduck 6km,6042.9,-0.1,37.55136,127.173589,37.55136,127.17375,7931.0,680.0,21.0,_gedF{qegWONUJSDa@BYFUNs@Da@NWDc@AaAHo@PeA`@w@L]@oATu@ZuA^a@Fe@PkAd@uAZ_@AKGMHU@SAQGa@@c@O{@O]BQ?sCSaADGBWEeACYG}@Cg@Kk@SOIMGe@KyBuAcB{@QC_@CW?s@HSDo@RaAf@q@`@[L}@n@c@^s@`AY|Ac@tCiAhGk@jDSx@Kp@cAtDGl@Mh@c@jA_@rA[tAm@~Bg@|BQ\UtAk@bBq@~AaC~DeCdDkB|Ck@v@aBfCi@n@U`@KNb@QVQf@q@nAiBdAcBv@cAp@eA~D{FxA{C|@iCf@mB|BqJdAyD^eBl@cCt@wDfBsKHo@EIKGAEVaBJ_@f@aATYl@k@bBeAlAc@v@]|A[RAVDf@Nn@Xp@`@p@Nd@TlBVnAJd@QVJRBPCRD@ZPHRBl@Nn@IHDZTd@Af@ERFRBR?TC^@h@RJHF@XANFJ@XBFCLHHB^Ep@Od@ULCN\HBd@Uj@KpCcAjB]\KPBTOPGTAPDTERQRKh@KPGjAORMPGb@Ij@AXETDx@CFSRQTEVB@NWJ}@JSAYFGWFWNUTK
21202028,진옥자전거캠프-서울둘레길3구간(해맞이광장-상일쉼터)(JOBC),1615.2,-1.4,37.52858,127.15266,37.538757,127.16274,7367.0,1537.0,2.0,sx`dFcoagWs@i@WWc@i@w@?Y@[ESB]Ea@Qo@i@[I_@Bs@TYF_@I[MWWYcAUsC[kBCkAG_@e@g@eAiBi@aBO]u@m@u@u@G_@IgAIc@]s@a@m@o@eBc@s@UW}AsAYO}Ai@_@_@k@y@e@M[S]YSY[w@y@mAo@{AU[uA}@UY{@Da@TeAT[Nc@A
19482363,진옥자전거캠프- 서울둘레길3구간-일자산구간해맞이광장(JOBC),1323.1,1.2,37.537685,127.16294,37.530045,127.15333,9303.0,2368.0,1.0,oqbdFkocgWRVrA^VVp@`BRV`@t@\|@BTPV`@Pf@HbAjAXVd@Rx@JXLf@^RFt@j@NVJZ@\P`@t@dAZXLTNjA@nATd@fArATNPXRTBf@Ln@LVh@l@L`@v@h@DnA`@nB@lAHlAJj@R`@^RZF`@?xAKVNb@@ZLVN
19357942,일자산공원 (중간트랙 1바퀴 ccw),484.6,0.5,37.532652,127.150676,37.532598,127.150792,2468.0,156.0,2.0,aradFubagWJRVRb@?`@JJANEROJW?QE[@[KQKGOBKAm@QQKOU[o@GEQBYAYIWOWBOFMXEh@G`@BP`@H|@Nd@PZDLP
19467230,진옥자전거캠프- 서울둘레길3구간-일자산간해맞광장계단(JOBC),231.5,12.9,37.52674,127.150795,37.528362,127.15236,2910.0,1032.0,3.0,am`dFmcagWc@_@[SwAuAM[SUKQiAg@We@MIOS
19698662,원터근린공원 한바퀴,539.3,0.0,37.552388,127.150505,37.552383,127.150493,1282.0,58.0,3.0,kmedFsaagWAMS_@GYQQMGGa@Y_@UMK?MBKF]HIHOTq@Xq@j@YLo@BIB?h@BDVFVBj@JjA@JDJBh@?d@Lh@@J?j@]RW@K
22506335,진옥자전거캠프-서울둘레길(고덕역낙타등코스)(JOBC),366.2,5.6,37.554826,127.158492,37.552285,127.159278,2171.0,1282.0,0.0,s|edFqsbgWRsAh@}@XYb@m@PKNGj@i@PIZHX@bABj@ERBZVv@lAPP
19460470,진옥자전거캠프- 서울둘레길3구간-일자산산2쉼터(JOBC),1618.2,4.1,37.542126,127.167915,37.53276,127.15706,2357.0,1408.0,0.0,gmcdFmndgWOXGVC\HJ@h@DREN?TOHADG@F\Dj@Jj@PP\r@`@f@ZFFV@\JLLDXd@RLV~@r@pAj@BZTt@t@p@v@~@f@JV^NJLHb@RTl@H`A?ZMVEvBi@Xf@RVrA^VVp@`BRV`@t@\|@BTPV`@Pf@HbAjAXVd@Rx@JXLf@^RFt@j@NVJZ@\P`@t@dAZXLTNjA@nATd@fArATNPX
22667788,진옥자전거캠프-암사선사초등학교-언덕구간(JOBC),2111.1,0.9,37.556197,127.12964,37.559135,127.143481,583.0,103.0,1.0,eefdFg_}fWa@O_B]SCy@UaA]_AWqC{@uA]kA_@qBaAwA}@uAgAaBiA{BaA}A_@qFc@_BaA]]aAkBCM?UIa@WaACg@@YJk@P_@l@{@lDiEzDqFfAgBdAiBrAkCbByDxBkEzBaFv@oAf@o@\_@
37056512,근린공원-약사사입구,475.9,12.7,37.58277,126.811966,37.582376,126.807606,1198.0,282.0,1.0,gkkdFw}~dWa@h@U~@Er@[h@O\@\NRALc@d@AFF\?`@F`@Mn@Cd@HVHJDLAh@Z\?HJZRDNFHHBRL\PRb@jAXP
37056515,강서둘레길 1-1,750.5,-0.6,37.577713,126.807523,37.582323,126.811073,665.0,150.0,0.0,ukjdF_b~dW[cCOSCCOBWRMDOB[IMO]QC@MGY[GMAk@MOc@Om@?QSYQOQEUEIGBIAU@KDEFc@Ki@G[_@EBGAOWWCQIMCs@DIAGIyA[K[KB?BSPW@QCIk@EU@o@Tk@?MUo@
32806179,개화산 언덕 순환,2287.0,-0.1,37.576533,126.808089,37.57647,126.807921,54.0,21.0,0.0,idjdFoe~dWGPWT[AMHCFg@^u@Pi@\I?UG_@Ma@UYCY@UGYLUDi@j@G@m@Gg@DIC_@W{@e@[EWBk@RI?SHW@SF]_@SOOGKAK?_@LOFi@@QBSNADSTs@TCR@`@EZ?XBTWb@EPQVTj@@dAOJO\WlAc@fA_@^UJIAi@KGEmBQg@M_@e@CI@C`@CZQ\C`@N`A`At@RZ?FKDa@BCAOF[LYFYR_@CQRi@Im@BOCECYFQ\e@Pm@?[@UJ_@~@s@BKJOr@K|@_@r@RRPPD`De@VD^Vb@`@TBh@Cd@JJ?`@a@TMRQTATDz@@ZLx@b@ZBj@c@`@Kx@[ZQj@WNIDOG\OX
32806213,개화산 언덕,967.5,7.1,37.576473,126.808153,37.582933,126.804621,437.0,91.0,2.0,}cjdF}e~dWKLGPWT[AMHCFg@^u@Pi@\I?UG_@Ma@UYCY@UGYLUDi@j@G@m@Gg@DIC_@W{@e@[EWBk@RI?SHW@SF]_@SOOGKAK?_@LOFi@@UDOLADSTs@TCR@`@EZ?XBTWb@EPQVTj@@dAOJO\WlAc@fAYV
21612765,서울식물원(CW#02),1521.0,0.2,37.567504,126.832051,37.567485,126.832064,13244.0,1434.0,9.0,{khdFi{beWjAlI?FGL_@G][IWMQCYYOw@k@UGu@CIEW?_@EW?WGc@Cq@KWAME[AGEuAIMCg@CECy@EUGW?KCo@AIEiAIKEsAIEID]?m@CgA@}@PqBH_@^m@h@m@`@URGn@@LDn@\LJl@HDDL?VHLHf@NHJf@Vd@b@JL^TZFHDXH\DnAZRLFDTHDFpBlAb@ZLR
19776115,Courtyard Seoul Botanic Park -> Magok Batminton Court,601.1,-0.1,37.567152,126.830128,37.572218,126.831796,112501.0,4360.0,10.0,uihdFgobeWoAwBW[USa@SUG{@O_Ho@eF]mBSyBOSG
20824817,서울식물원(CCW#01),2312.0,0.1,37.572131,126.833254,37.572125,126.833254,28542.0,2078.0,37.0,yhidFybceWK`CAdCBPJJbA@NFH?NDx@@FDX@HDt@?TDj@DFD^HH?FBX@FJFC^FX?LDnAHT?D@HALBd@BLBVBTDR?XFX@BD\HVN^\j@|@b@v@l@n@HPV^PJR?f@SL[^{ALUZW\OLADEH?n@KdBB^CVIDIFg@d@wBFq@BcA]wBMiAKSMG]FGFE?WJ[?SHI?IDO?CEW?EAQM{@w@GACEOAIFWZGJUPUXU^C?SVc@`@MXc@f@IVY\KFQGg@c@aAi@_@]IAe@Yu@UaAOk@Oc@U{@u@UKMM[Sw@YiASYSq@_@e@CY@WHUN[\O^KHCJC@Mf@A\
15048026,염강나들목 to 방화대교 (4.5km) [gjpark],4545.6,-0.0,37.562523,126.864854,37.584329,126.821798,8420.0,2653.0,5.0,wlgdFihieWm@rAu@fBi@|@wBvEy@|AK\S^K^mE~HO\UXcA~Bm@|A[d@Yj@W\e@|@u@vBm@bAQf@{BjESj@g@~@Yr@U^_BpDw@pAgA~Ba@j@Yf@]x@M`@kAdC{@~A}@nBoA`C_@x@aCxESd@Sp@iDxG[f@mAnCw@rAaA`C}BxEi@|@_ApBg@~@q@vAg@lAk@jA_BhE[fAq@pBQv@g@xA[xA{BxIe@xAy@xCe@`Bm@`Cm@jBe@`Bu@vDmAfEs@`DYv@]jA[vAy@jDi@lB_@hAI`@q@|AeAjDmBnFuAdEa@xAqAxCIF{@T
5652484,Gayang 10k back,4994.1,0.0,37.586049,126.817402,37.56246,126.8648,3694.0,1611.0,3.0,w_ldFw_`eWABHUR]Vi@`@eALu@Cq@?u@b@cBNa@l@w@N]f@sBFq@D{ATg@t@_@rAc@Va@fAoC`BgF`DiJzCiKrCeLhF}RxEcQfAyDVs@hAgF`AaD~@qC~AiEzAiDxAyCxDuHpEiJpCaGdC_FpMwWv@cB`EmIfBwDnAcC^}@~EsJTk@z@}A^_AdAuBlDuHj@eArBkEl@gAvA}CtBiE
11144927,한강안쪽 500m 직선도로,518.2,0.4,37.573588,126.843904,37.570765,126.848515,14869.0,781.0,1.0,{qidFkeeeW^k@N_@j@s@Xe@f@aBT[\m@Pk@Nm@LWf@m@fBaElAcBTk@|@uA
18168336,방화근린공원0.76km,768.5,0.0,37.581074,126.814099,37.581077,126.814085,6793.0,216.0,5.0,u`kdFak_eW?iAEYRs@@IAEc@EUIe@Gg@?_@J]r@Gb@K\WzAQr@Wp@Gd@Mf@Kz@Qb@SbAEVVT^T~@TF?BCNg@Xk@PqAhCcFPg@?W
20824793,서울식물원 습지원(CCW#01),713.0,-0.3,37.577942,126.834803,37.572694,126.833318,25935.0,3805.0,3.0,cmjdFolceWJGRCd@WP@VJPHRT^h@JFR`@j@p@RFr@U`@EVLl@dAZXVDBAR?`@KL?BBB?FFd@~@TVJBH?NGh@w@TQP?`@Zv@x@NJPFFF`@DH?PEf@CPGNILML[
11338494,"Gayang Dae Gyo south to north (가양대교, 남>북)",800.9,-1.1,37.567105,126.859624,37.573266,126.864233,9865.0,7782.0,5.0,kihdFsgheWaBiA_DmBoGkEgG{DaDaCwB}Ai@[qB}A
15847462,Magok Naru Park(M Valley 6&7 Apt.) 1km,1018.2,0.1,37.56589,126.821583,37.565203,126.821889,16378.0,106.0,4.0,yahdF{y`eW_AiDQe@QOIAUBMHKNCREtA?x@@NHRTVv@HnAEb@IJEh@[PM`@a@hAaATWPAp@s@ZOl@q@f@c@bAe@LEZADCE_@Mg@KYGIGCIBKp@ITu@zAKHe@r@u@v@m@V_@d@i@Pi@h@
24352367,메타세쿼이아길 편도 서>동,839.7,0.6,37.567329,126.879679,37.562936,126.887401,74098.0,12421.0,9.0,wjhdF}dleW?SJWXc@h@mAf@wAlCuF`@eAf@w@r@yAr@qAz@mB|@{ANg@v@aBDUl@}@v@gBR[H[p@mAXq@\k@
14412611,Around Noeul and Haneul Park,5891.8,-0.0,37.576018,126.880205,37.575966,126.880337,26862.0,3238.0,33.0,aajdFghleWKJ_@Tg@v@UNq@n@eBzBSb@]rAU`@APGLuAhBa@j@OZIJW~@ONELCT?\Mj@B`@Er@J|@AVTjDR`AR^Pr@ZdAPXd@bBBVHZAVFh@Hf@HXRrAHVBh@Jd@Hn@BhARlEJt@\|AJRVXHPXP^d@\p@^d@\P\`@^Vv@`@RDXBPINMJM@IHMd@e@HYV[P[^g@FQNSJ]\c@^}@Zc@hAeCNg@PUN[b@o@DSj@cAVs@h@u@\cAXa@`CiFXa@P[Ne@V_@^eA\w@RUZkAR[Vq@|@wAHUn@aAHUhA_BXs@@c@Ts@NQJg@FMd@e@Ja@N]X_@HSF[RSVOJQJ[|@_BPo@Vi@^e@P]Jc@h@sAV[Nc@b@q@DOT]FWVc@v@kAHYRe@LOV{@N]TYVq@b@e@Lu@j@gARo@LOXm@LILUZ]`@s@FW`@m@DWJQXu@Lw@rC}EJs@@QEq@K[Ye@OO{@m@SSKSUUm@[_Bi@GE_@g@WQi@m@g@c@MQICkAwAYQa@_@]i@MKMWUWUKQ?QFWNWJc@VON[Tq@Zo@f@iA`@]Vm@\_@Zg@R_Af@a@^}@f@SNWHMJQXM\QXSd@c@l@i@bAUPe@n@c@`ASv@Iv@M`@EVM\_@h@k@fByAjBcAdBo@d@o@Xq@LMLQZOJ[^UREHAVDx@CXk@n@IXSf@}@x@_@l@UVELc@f@g@fAi@l@KVONKRQP]l@WZ
10831175,Wooden Stairs near Nanji ,155.6,24.4,37.572465,126.871915,37.573208,126.872652,1718.0,510.0,5.0,{jidFmtjeWKYMJIGAWEEM@?MQ@E[S@ASCGG?IBEA?QEKKAIEBAFD
24094687,Dal ponte al campo calcio,1149.7,-0.9,37.566467,126.891518,37.573963,126.883433,70503.0,14066.0,5.0,kehdF}nneWk@PqCdBcAh@}CvBcAh@qA|@gAf@q@h@MPy@~ASZ]v@k@r@KV_@d@CRIN[`@DGG@QROl@K`BId@s@`BQZe@l@g@j@W`@Wl@W^i@`@kA`@a@Bm@p@q@~@a@v@
14201892,상암구름다리,224.8,5.9,37.56052,126.889403,37.560929,126.891083,19528.0,8013.0,16.0,e`gdFwaneWEeAFm@x@eB@UCc@Ug@a@UOAk@DWA
25604141,하늘공원+노을공원 둘레 1바퀴,5881.4,0.0,37.566041,126.891248,37.566031,126.8912,31117.0,5157.0,19.0,wbhdFgmneWm@_@YKa@JWBu@VkA`Ac@P}BpAwA~@o@\yA~@c@\_@R]Xc@b@KXUVg@~@CN]~@UFq@j@Sl@UZU~@Q|AKT]f@Wh@[|@[VYh@s@z@m@lAyAdAq@Xc@JQPOXY^i@l@ARPb@CXQn@MLaAjAe@bAa@ZkAxBSf@MNs@jAa@\oAfBQN[t@w@t@w@d@WTKVu@x@SJ[n@IFCJMRAL[l@AJIPMDOZ_@nAMXe@v@GZ]l@GV?LCDIj@IVAv@Or@@TFRBp@H`@HJVr@L|@HNPj@p@rANl@Rb@J`A\lAHh@@n@LRGf@Rz@Bz@Jh@BtBCPF~@L`ABv@Jf@XfAl@p@HNJFT^RJHRXVd@`Br@h@Xb@PH\n@I@KICILGXB\HL@TENYH[Tg@n@}@LWPc@Zm@tA}BXYTa@`@aAXe@Xq@l@_A^mAl@sARc@\y@R[Tm@RULYPg@l@gAd@oA\k@d@eA\m@Na@Jc@\a@~@eBPo@f@cA`@eAh@y@Rm@R]JIDIn@y@d@uAVe@Le@l@_AL[XWN]R]LIV{@ZsAJS\QL]AUB_@z@uAj@yAX[?YBKTi@TUV]BKNOf@iAd@k@Va@TMJa@NORa@Jg@Z[V_@NYBCPWHQFc@v@oABILOPo@^i@h@sAb@y@J]d@iAFa@L_@j@qAZSfA_CJg@Rs@Cc@CQ[o@ICa@UgAaAyBiAQEe@a@]_@IMm@k@o@_A_@c@YOKQUSa@g@o@i@
14923511,Seoul 10ker - Straight 2,2242.3,0.0,37.574734,126.867455,37.562817,126.887733,68642.0,10139.0,5.0,ayidFqxieWZYT_@`AsBfAmB`@k@J]j@kAl@uA`@g@p@cBv@uA\}@b@q@Ro@x@wA\{@\q@Pi@~@_Bv@kBb@q@\y@LQ\aAdAsBH]Vk@p@aAVw@Ta@ZcAj@eA\_@l@aAJWlAiC\k@Rg@J_@V]Xi@Nk@Ta@PUL]T]bAgBZy@Ja@f@_ALQd@qAx@}@Nc@Hm@FOJQr@{@Te@LO`@w@j@wA^w@d@mAVc@JY^o@Na@x@cBf@{@j@{Aj@_AN_@
13527829,Eungam river,1085.7,-0.2,37.594133,126.915131,37.585007,126.911765,28927.0,2934.0,7.0,irmdFqbseWbBTp@@r@Pt@Jt@NZBZCr@h@D@h@D^?d@RPDnC\l@NX?b@Bf@JX@LF`AL\Hp@FLFx@?\D^J^DjDl@b@Tl@H~@XPL^Ph@d@PFRPTZn@r@XZTLV`@DFPFLR
19053442,사천교~홍제천 합수부 왕복(5.0km),5011.5,-0.1,37.568653,126.917275,37.568298,126.916865,7611.0,1381.0,12.0,ashdF}oseWFh@F?DBLJ@HJJp@RTVPLLPj@d@VZr@r@HLPJhAjCXzAz@~CNxANd@@P^vAJr@Tx@Hh@Rv@^v@DrANfALf@Fj@ZlA@fADZL`@Hj@H\TtBPh@Fx@Pr@B\Hd@?RAF@HRr@j@lAFRLhAZdBT`CZjBRp@Jx@RnA`@bBFn@L~@N\TjAJtAh@pBVnAJVLRBXLb@?h@`AvB?HLV^\\n@Pn@B\HZJt@R\`@jAFb@Rl@TlA^v@Rl@b@x@f@lBVl@TdAn@zBp@~Cj@z@f@h@D@?G_@CICa@a@GKCOOS[_BEg@Ka@Eo@M]Gi@q@}AYgAWa@e@_BKm@g@iAI[Yo@Oo@IQY}@Io@c@gBe@WUm@W]SaAM]IIEMIa@CeAGg@Qy@g@qAg@gBE_@Ae@EW[iAYoBSu@Ac@@QSk@KeAKQE?a@}Ck@gCGq@O_@I_@MgAIWEy@?cAOy@KYGWKUWcAKSGYAWUi@As@UmACk@Os@KWEWK[Mw@k@oBa@iBEIAIUeABOCWUkAK]Ei@UkAGq@IYEc@WeA_@eBK]OaAUYCUSk@o@w@Si@_@e@[q@W[s@g@i@i@SM
6953204,Ingwansan from south ; road to summit,1553.2,17.0,37.573735,126.964136,37.584903,126.957879,12627.0,5418.0,32.0,yridFyt|eWEFQN}@f@MF?BGBkCVeA?[Bc@FMFMRQLiAVUHSLSDSBw@QY@y@N[RWVCJUj@QXIDQPYj@IHY@BDED?FIDOPKV_@n@{@Z]Ro@zAu@bAUR{@d@SRS`@MPK@e@NUt@ERMPEPIJCr@YjA?d@CFGDOBCCAGOIO@[LS@IH_@PCHUN]Ha@Fo@`@K@SCWK]CQGCC?CADCC?DMEGBB?[BU_@OBEJSDCBC?KIK?MFq@YUCSII?SEO@ULOAm@L
20051823,stairs up Ansan,383.1,21.2,37.57489,126.943744,37.576816,126.946886,3127.0,1158.0,10.0,azidFkuxeWSM_@EE?CEE?a@_@EAGEQWE[@OJS@IsCsFEAGMCQMUcAgAEMEmA
24264946,TRB - 인왕산 편의점 대공,482.7,20.4,37.57832,126.961895,37.580821,126.958076,16590.0,6903.0,11.0,oojdFyf|eW?HIFINIR?JSf@eAh@ODCAGDK\ETGNG^c@^SJMJEJMHUBe@TORYn@EDAXKBIHIBGLOFALCB@TETGHI^IRIj@CBEP@VGT@X
18922738,[Tom's] Inwangsan Stairs to Buam,1605.0,-11.8,37.584812,126.958006,37.591794,126.966419,11171.0,5219.0,6.0,axkdFon{eWb@G@DCDAHED_@DCBADMFXUDBH?BARCHKACMIK@i@IEDQDe@IU@GGSCOQ[QSS]g@_@]IQAe@M[DURm@?QCKCk@EIBCOEQg@Km@EmAYaAGk@W{@ADs@cB?SSUa@]g@Bi@IOo@M_@Iq@KOcAy@o@Qo@a@QWYk@MMUOa@I?OF{@FCFBJHBAHUAYWGAARDQIQCSHiAp@SFu@A[a@QKQCMGg@s@G_@MYQk@AIDYO}@?{@IWDDFXDj@Lt@?ZCFKEY]]u@USCAe@FI?QGKAMG
2707595,부암동 359 10 Climb,538.0,7.7,37.590862,126.965584,37.587062,126.963881,6738.0,2454.0,5.0,{}ldF{}|eWCh@DTRd@LNNHbBr@P?TOZMz@a@LAL@NDlAn@LDrAHVFf@Tp@j@j@P^Bd@?v@JDL@NGHWD
21694739,Inwangsan-ro Descent,748.8,-8.9,37.579834,126.962338,37.574966,126.967393,1884.0,1000.0,3.0,}xjdFqi|eWVBXAXId@YLMVc@n@_BX[VQf@Wv@[xAOZKNMZe@xA}C^m@LOb@]XMh@_@|Aa@PMb@gBdAkDFa@
6487491,Segment,1498.2,12.3,37.580414,126.934214,37.590623,126.927925,295.0,152.0,3.0,q|jdFyyveWVb@\^DP_@|@ONGXOXORQNOJYJQPQXSj@Wj@o@~@i@^IDO@aAd@Yb@e@pAeAvAYTSB_@MEEEQMOU]MM[SA@?CIGABCGICU?m@Uy@MUQSIKAI@ILOp@UZM`@c@f@GTEDu@`@g@b@]JOH]^IBGNYVKDY@_@Ra@VG?SHc@ZMDk@Vi@PK@k@p@[d@KJKXIJUFQ@g@X]Jw@Lm@GYQg@KM?OIKBKFu@RKASGU@SA
5948918,Segment,569.3,10.5,37.566275,126.958324,37.569114,126.954054,914.0,265.0,0.0,edhdFop{eWCABDENIBEJDD@JKXArAADWTa@BMN?DJF@FG\AZCFAHMVKH@POVER@FEVEBELs@x@c@Jo@HIHc@RCHq@P[d@?FQLOHg@d@A|@GPQRK`@WP
6487490,Segment,441.8,10.6,37.580132,126.941966,37.576553,126.942478,509.0,237.0,5.0,yzjdFgjxeWJEJP\RNNb@RXRTDn@BTPRHFA?ETYVMPUXFVSDCbAEp@]h@ANGHKZK^WHERATMNEJMPE
7128835,"Hongje-dong, Nokbeon-dong & Eungam 2(i)-dong",1764.1,2.5,37.59431,126.937386,37.587894,126.928695,346.0,174.0,5.0,msmdFsmweWKPkAbAc@PaALWVYNo@|@YRCDAn@EZi@h@_A`@_@FWCSJP\VbA@b@Of@APXlBLjANXRt@N`@JLh@XBF@`@PLNPPn@BVBFzAfARr@LXHZf@b@HVPV\Nb@n@Zn@JJZFVNNDRVNBHDZb@PPT`@PNVXRLTFv@R\X^FHDr@x@TDVTb@TN@b@MPDZTj@D^?`@FJAVSv@UJAJBBD`@r@HFp@Ft@C`@M^_@r@MLG^k@^c@NWZQ
19165318,경복궁_시계방향[2.6km],2641.5,-0.0,37.576301,126.979405,37.576423,126.97941,27889.0,5453.0,81.0,{bjdFgt_fWXNh@j@PVFLFn@Aj@HvC?dADl@?jAIjAMlD@hCIb@c@j@iAJyAFWF]L_ALaBB]Da@JoAD[EY@UGE?e@HoBJs@JsAFe@Fi@AS@k@GUDGAWUG?ODWRG@u@AsAJ[CKGIJG?s@KQUOEa@CEEG]?OCQGW?OEi@ASMq@AYIc@Cc@@YIQ@YDWIe@AQJK@GWwADa@Eg@D]JWLkAAi@Tq@E[Bc@Fg@HS@u@Jm@R[JKFUj@g@l@QTE\Q`ACRD~@?h@GZ?XFL?f@D\Rn@Fl@P^@RHVDdA\p@HjAXPE`@Dh@Id@?^BX?RLd@Bl@IbA@f@FNId@DRGf@H
6279973,Hyewhamun to Dongdaemun,2073.1,-1.3,37.587246,127.004255,37.572114,127.009631,5527.0,3674.0,12.0,ggldFqodfWJIPYP_@Ts@j@_DHa@NUBa@JUz@}@TITF|@Qd@w@TMj@?p@RXAl@Mx@e@ZK`@Kh@D~@_@V@b@J|AbA^Dl@GVI\YLUBQPYXW^s@p@u@H_@PUz@i@^c@TO@LCPBPJNf@LRBSCFBj@BXFNL^W@JEJ@Dl@l@XLz@HVIp@DXG^OPOVO`@AbA@RGl@]`@IHEHMEJ@E@HVFn@DnAXrA?d@C|@m@VG@QBKX[TM\GV?\Hh@Vf@JZCv@[`@?\D^CpAFTQ^y@v@w@VO
2413157,청와대로 동행 Cheongwadae-ro Eastbound,798.1,-0.8,37.5833459,126.9739714,37.580988,126.9801445,66448.0,12726.0,7.0,{nkdFir~eWWMSyAQaBQiA?uAGiB@}BFuARaCPoAHwAF_@?g@Di@Nk@~@u@b@Y^Kn@K~@Al@Bx@OBGHCrARXJ
16697641,Chilly Hamnida,1059.4,0.3,37.569475,127.00456,37.56822,126.992816,91345.0,39114.0,13.0,exhdFoqdfWEp@Kl@Or@Ap@\|@\~APlCFZHNDX?XGl@Jp@Kp@Ml@Bn@?p@E`BIt@Br@P`B@n@Ht@XxAK|@?H\r@Jr@@l@Dl@Pp@Lx@P`B?\`@xBHt@DdCTtB?f@
18038011,Following the wall,902.5,7.9,37.572636,127.008633,37.580394,127.008491,4975.0,3346.0,6.0,}kidF}jefWeABOA_@K{@IQ?}AXc@Ke@Cc@KSAYNQ?SBQJc@LQF[\[H{@Aa@C{@OsAOw@?UFw@b@e@CU@e@HcAn@YJc@BqAESCc@Qq@e@yAg@m@MO?
1980921,서린동 82 4 Climb,816.6,5.0,37.5684755668394,126.98589750577416,37.56902969445807,126.97867280815446,28045.0,11256.0,5.0,}qhdFy|`fWHVD`AGtBERU^E~@Ox@Ix@AZRt@?z@c@hAk@jBERCj@Bl@CfACNS`AAX@XTv@BV?RCxAIPCVKRTt@Qb@CVCtA@z@DADWPkBJM
9587036,바람마당~  성북천분수광장,1153.1,1.6,37.589871,127.017508,37.588076,127.007102,23278.0,2869.0,5.0,uwldFkbgfW]lAOLSFg@p@U`@SNKTY^Qd@IJG`@Uv@Gh@YlAC`@Q`AEd@@d@EnA\zAFj@HLPJDFHp@LRPLFNJl@Vj@VXb@Vf@`@LXV\b@T`@v@RRVb@LLb@h@b@b@\~@NVd@bAZl@`@l@BD?PFNj@v@HDJVF\@p@CPI`@WVUt@
18874939,Being watched,1394.1,8.8,37.592452,126.998263,37.593739,126.986021,5228.0,2941.0,4.0,ygmdFcjcfWDFVv@RbA@d@EdA@PZj@D`@?PUbBGr@@f@P^b@\LDd@Z^d@Xh@Ld@BTCTUd@Uv@e@n@IRKr@KxAELEb@Cb@Lp@Z^\PV\N\BRCb@Uz@?R@jAFh@DLAd@G`@BTd@jA?NCPMRiA~@o@x@IPMl@a@xAILk@l@k@d@O@[CY@MEGMI@KG@RHPAl@GTQPQHIRQHO@KF?^JB?NHFOR
10201836,감사원 업힐 - 감사원,372.2,8.7,37.586836,126.981657,37.586539,126.984877,1027.0,649.0,3.0,udldFib`fWSWYe@Sw@F_@_@e@MYMo@GKEQGm@HWX[JGLCH?XDNFFADBLCFKHU@[IS?KKw@DIDYh@u@DM
15266531,Cheonggae Plaza to Cheonggae 3-ga,1226.4,-3.8,37.569107,126.979088,37.568439,126.992393,54410.0,27451.0,4.0,{uhdFgr_fW@i@MQ@SLU?[R_AFcA?UBYBe@Iq@DYC{@Hc@Aa@H_C@MDAFQh@q@My@Ek@JoA@q@F}@f@uCH}ALo@NmAJwA@m@HkA?[BQ^o@FUEgASoAMwBc@uCYkGGsCGs@EO
9831608,청계램프 - 제기1교,1501.8,-0.2,37.572521,127.035657,37.586175,127.036096,14070.0,1803.0,5.0,gkidFysjfWiBvCD^FJGRMNa@Tm@FMD]@GAECM?CE@S[@y@RCBG@OAKI_@Da@d@M?YKKBMCK@KDO?IBo@ZM?c@C[D]?CB?FE@UA@DUSIUGIKGWFkA@WNMIQ@q@JIIGC[B_@Ua@@WUICSAw@Fe@ISAeAU}@COGSAOEm@UIAWDGCe@ESIKDEAOIUEc@AUOGAm@As@ISOk@A_@BMCUMSCq@@KQQEm@CUHQBG?KGEBW?i@QCDG@WIuBG_Ba@_@Sg@Oa@Ss@U_@I]O
12659994,정릉천 1km TT,1018.3,-0.3,37.5909,127.038935,37.582211,127.035648,18234.0,1684.0,14.0,c~ldFihkfWv@TlBl@v@Td@Jd@RvCbAjAj@dA\`@^b@DjBt@d@XjAb@\\hAj@fAd@nBl@d@Jd@BfADbEb@jBDh@A^Jb@F
15923375,Bugaksan-ro climb,1217.9,6.2,37.592481,127.036181,37.594682,127.026251,683.0,117.0,5.0,_hmdFcwjfWE~@At@ZjA`@p@~@x@Xl@PVl@j@NTH`@d@lAFx@F\@XMRAZJx@FlACZ@x@KVa@v@ELEVZtAD^A\E\@b@N`ASVQFOTy@Zi@D_@?SFOTa@bASPcAZ]h@G\LtAAVE^ITQPcBz@cARk@Fi@VORITULK?
17335762,The way up,919.7,3.8,37.586618,127.02759,37.592222,127.026506,205.0,64.0,1.0,icldFmaifWS?WEUM[c@Yo@MQe@[QEOCu@?e@Hi@Zk@d@ONKRE`@@XCVg@z@It@LPL\D\?b@Q~@Yv@aApAu@p@u@^k@JW@k@GUIWQkCqCw@q@q@w@_Aw@
15101592,[HUMANRACE] University of seoul_Campus_Right,1410.8,0.0,37.583218,127.05546,37.583228,127.055458,16198.0,316.0,13.0,ankdFsonfW?B^_@f@Sb@IPm@Cm@Bm@IsCJs@Fm@Aq@K_@e@UIo@AuCFmA@q@Ks@As@Bo@@_BKSiALSFe@MmAIyBDa@JBxACPi@nACn@Kh@G~ABbDBn@CdBFp@LNX@b@Ob@Id@DX^\bBt@|B^Z~@fB
5268007,안암교-보문제1교,188.4,-1.1,37.582161,127.02252,37.580663,127.023343,87305.0,6017.0,4.0,ogkdFwahfWPEJQHIV?LKf@M^SBM^Eb@WNCRMN?XU
18606119,고려대 녹지 운동장 1LAP,373.0,-0.2,37.591606,127.025734,37.59153,127.025696,17451.0,280.0,2.0,obmdFyuhfWUBWPS`@?TJf@p@~@VNf@t@d@^ZKf@o@Fc@I]KQi@a@UUU_@s@k@
12869901,[HUMANRACE] 중랑TR 5K Course,5029.9,0.0,37.593188,127.069716,37.593081,127.069753,3483.0,2218.0,15.0,klmdFuhqfWiANoC|@sCr@c@PoCn@wCRoBWgAi@eEsC_CkB_@]Wc@[_@_@]gAs@a@O_Am@eAi@kAUg@Ge@Og@Eg@?g@JiAHg@Hg@ByC`@iADqC`@qBHgANaEPe@Dc@Lg@HuCHc@DcEDg@BsBAiBJe@Le@DmAGi@IwBCi@CoB?e@Ie@@iAGg@@kAC_BHXBhACnB?rBFd@HvB@d@CvCCvC@b@Bf@Ef@ApBExDAd@EfACrBIb@GfA[jAAxCOrBQxC]lAIfGw@rBOd@AfAFb@Nf@Ff@NfB|@`An@b@R`Ap@r@n@X`@^^~@n@~AtA|@p@`Aj@dAd@b@Ld@Jd@FjAFb@AnAOb@IfA]jJiClAU
4979168,Segment,462.1,10.8,37.578845,127.062725,37.581934,127.064046,98.0,26.0,2.0,wrjdF_}ofWO@[RW?g@Z]J[NGAIKG_@?e@IGQ?y@FAG]FW@KNY?c@WQSc@IqAe@IGIWCU?OCCK@EAEOE]?MOa@?O
13611564,Winding path down the hill,405.4,-4.0,37.588762,127.04709,37.591416,127.046297,301.0,34.0,3.0,wpldFi{lfWm@CWEUQS[WQ]Em@BWJQ@INKZWjAUj@Gv@W|@SVIBGAk@O[QWGIKUQIM
11346975,용마산6시방향 정상까지 달리기!! 난이도 중,1281.5,16.9,37.562256,127.095687,37.570878,127.095638,723.0,207.0,1.0,akgdF_kvfWCZWh@BLAtAIRIP@LIFCLBDCNGJIDMf@GDw@hBMDiADi@Ci@@e@Ic@AEBc@EOe@UCa@PHRK`@[VIAMJI\Ej@Db@K\e@IM?ECBO?GHQIUKKM[Eo@EO]_@Ya@_@SyAMc@FkA?SBUAUGaAe@_@Yk@I{Ae@IM]SUUcAa@[]e@U[Ga@S]YeASc@CUOe@@
19818844,진옥자전거캠프-용마산(용마폭포삼거리-용마봉)(JOBC),332.3,31.1,37.568499,127.094276,37.570938,127.095806,2164.0,771.0,3.0,arhdFebvfWFIAIUa@CCE@EAQMEKE?MQOEKM[O[_@WQOAIGC@MCWS[IKQIG_@EQDK?WKKAE@GAMEOMk@O
19367802,진옥자전거캠프- 쉼터 - 용마산정상(JOBC),752.9,17.8,37.56518,127.09374,37.571198,127.095665,867.0,258.0,0.0,k}gdF{~ufWy@@kAYs@WMAkAEc@DSHQBq@?MDm@G]MSO]Oy@Yg@IKGIKa@Me@c@gAe@W[]OGK]Mk@MMQOKWCUOs@IQ?IGYGg@Gk@m@GL?TJT
12524981,깔딱계단,280.0,29.6,37.578852,127.103203,37.576816,127.101801,9341.0,3397.0,7.0,yrjdF_zwfW`@RNBRPv@tAHH^@XXBHVJAPDFZAf@RF?NEPLPBXTNBJH
25403737,진옥자전거캠프-아차산(전망대-용마헬기장)(JOBC),1264.7,3.4,37.563463,127.101889,37.572889,127.101237,8257.0,2791.0,0.0,srgdFwqwfWWIM@OCKMS?WGQQSMIKYKCGOKk@@a@Ce@GMMGHGBEEYI]Cw@Mo@G_AQy@GY@k@Ja@McBMg@c@MCO@[IUAOEQ@UE]Mo@OSB_@?[CG@ECQAUJkA[MAUISUs@c@a@Ei@?[HQKSSSEoANULOPM\EPKFCTAtAK`@@FGXGfAKPQNc@VM\KHBNIn@KTOH
21385315,진옥자전거캠프-서울둘레길2구간(사각정갈림길-아차.용마봉갈림길)(JOBC),1481.2,6.8,37.58417,127.106604,37.573868,127.100958,5417.0,2620.0,2.0,atkdFgoxfWd@t@n@f@PVZZT`@Hb@HxBFTVZZj@J^Xj@Pf@Lr@Tb@BDb@Lt@d@H@HNb@LLJTXLDREX?RGLBJIJBFG`@EJHJ?JFLBDCT@b@VLBZBVGZLL[J_@@OAMBMDC?IJERJXOT@DBdAPHHJAVJ^^FTDD?HBDPRH??CBPJDNMNPN^FDHKFDEVFC@GD?@Hd@Jp@XLDj@^F@PHj@R\R^\XJPLd@Rh@ZD?h@MV@^O\KLAvALl@VZVD@R?LIJA
19818878,진옥자전거캠프-아차산(청노루표시판-전망대)(JOBC),596.2,8.3,37.572162,127.103249,37.566841,127.102889,12687.0,4274.0,1.0,_iidFgzwfWDGJWP_AHGrB]XHBDRBNIVCRGFIDMXALFX\NLp@Tp@Cd@F|@Td@@JAVFXGPDz@D^JLL\Rj@PNRH@b@?F@TPd@Td@A\C
25824234,진옥자전거캠프-망우산(동화천-계단입구)(JOBC),900.1,0.0,37.581673,127.110174,37.578937,127.103242,889.0,373.0,1.0,mdkdFqeyfWHVHbAJTH`@BDH@^XPAHBREJ@^?PDj@Zb@LREN?^DPHTOLCJDN?VDLHDXJP@P\XDHE\FX?RDRBRCZB`BIn@Df@O`@?NBL?JGNMFO@OPi@bBDLLRDP@pAHTBXH`@?l@DLADHd@Gf@Pb@XVDl@P^
19639462,진옥자전거캠프-망우산순환코스(언덕구간2)(JOBC),902.7,1.8,37.59243,127.115824,37.587053,127.110134,6921.0,1197.0,1.0,ugmdF{hzfWBp@ELMh@GN@VCFHz@TZv@b@TVTLPBZCJFf@v@Xz@HNJFFBh@Ex@OPFBF@ZIr@?b@DTTp@VVR\~CzA\T`@RTVh@VrA~@TDHHPFPBb@ANDf@b@`BvB
11346988,용마산9시방향 정상까지 달리기!! 울고싶은 경사도,661.3,34.0,37.57729,127.090362,37.571371,127.09566,140.0,68.0,3.0,aijdFwiufWAkARMz@O^S\[FC`@EH?HC^CRk@HGNDl@I\@FG\B`IwGJOHYXa@`@EDg@JSHg@BEX[LGHMZ]b@s@DI`@k@v@u@FCBKVIAMBKE?@[N@VS`@Qb@E
3623578,암사3동 산1 1 Climb,884.0,5.0,37.5660076,127.1339011,37.5668824,127.1435569,14542.0,4973.0,27.0,obhdF{y}fWaA_Dc@aAY{BMo@]sAS{@OoAW}DOcBEuCByB\kELmC\oK
3885420,Segment,666.4,7.2,37.567688,127.151878,37.56668,127.144764,11243.0,3717.0,5.0,_mhdFejagWJFJPn@lBp@dCRpC\nA@ZPfABh@FP?XHbBAp@DZCZBNC`A@ZE\?`ACNBH@XIl@@ZAT@JCFEx@BTAr@BZ
18962884,암사고개-고덕교 다운힐(강.철),946.5,-3.8,37.566944,127.143662,37.568535,127.153577,10319.0,3423.0,3.0,khhdF{v_gWAR@E?q@Fc@?uABq@HgAHa@Bc@HgCAs@Dm@?{@HgBMeFMiBGa@k@aCEgAQaAc@gBu@sB_@q@kAkDc@e@IU]}A
19410641,진옥자전거캠프- 고덕산전망대(JOBC),272.9,15.6,37.565426,127.142166,37.565777,127.14471,1834.0,864.0,1.0,{~gdFom_gWRMGSBUBOPe@CY@s@Ge@?a@M]o@oAKIKGe@KFs@Py@
19565161,진옥자전거캠프-서울둘레길3구간(강일-정수장)(JOBC),1608.8,0.9,37.56289,127.15615,37.565617,127.14226,487.0,346.0,3.0,aogdF}dbgWLfA\rBANK?EPAx@IDOXa@^GLSRo@bAKZUZEh@QRGPKFIXEVDj@BtATXOx@@d@EXI\c@\Kd@Cb@Q^Gb@K\Yv@SXCvAJ^Bb@Jd@J^VVn@N@BKNI\A^J^NVPNV\R^Fj@?r@JT?v@D^CXs@vAc@n@YX[N[X_@L]BWAs@?q@JWPSRc@t@Ud@Gb@?j@BNLLPFJJ~@fAPVBT@dAKn@Uj@NNFN_@JYN
22797855,진옥자전거캠프-서울둘레길3구간(강일깔딱고개구간)(JOBC),363.1,8.6,37.562857,127.154989,37.563791,127.15147,843.0,426.0,1.0,yngdFs}agWAd@BVIFKXa@`@e@|@GVWh@IX_@XMTGVGd@@TEl@H`A@j@JVMx@@n@
22797924,진옥자전거캠프-서울둘레길3구간(고덕산)(JOBC),184.3,16.1,37.564125,127.148548,37.563601,127.14675,856.0,443.0,0.0,wvgdFku`gWEFAP?p@Pl@PHHHh@dAH`@?r@Jb@@V
34031381,망월천 한바퀴 (시계),5322.3,0.1,37.570598,127.178776,37.570179,127.178891,1162.0,156.0,0.0,e_idFirfgWLsAL_@TkARe@F[Rk@Lg@Re@ZeALYZoAj@oATw@Tk@T[b@[LO\U^Qd@OrAMHCLODUCS[eAC[ToANi@JI`@@TBR@r@RLAJGP?CDh@e@L@LCj@UXa@JW@_@Tu@@KHeBCa@ES?S^k@Lw@?[Eq@BUdBuER[XSXMl@GJETK~@q@JEn@E`@Gz@GfAD^ETIRGj@_@`A]t@w@|@u@RMXI^?PBVEdA@bAJn@Cf@Ld@CPFb@^RFVAh@Kv@Fx@CvCcAp@[XGn@Yb@]lAkAdAkAd@]l@g@t@a@nASz@IlAUV?RB\Pd@`@`AfAf@p@NZ?r@a@BMCEE{BmCKIQG_@CeD`@SDWPsC`CELEv@ENoAdAIBI?_@QM?yFbCgALe@?_@S[O_B]i@QKGQU[GK?OLU@g@?WEQA{@F}@@]DYL_A`Ak@`@y@f@_CjAUZYp@K`@QdAKx@e@|AMXw@r@y@bBQL]DkCDO@KFc@^]t@Sz@WvCGTKN[Z}@j@UVg@NOHICWBMHGFEP?TLv@@^If@MV]\WJiBTc@@}@T}@t@ORu@lBI`@En@HtAEVKXMPSLw@RSPGLu@`CKn@Gx@
20299261,진관배수지 한바퀴,222.2,0.2,37.629957,126.91635,37.629971,126.91634,1993.0,31.0,1.0,ertdFejseWGAGKICSLEF@TG`@SNCF@VDTHL`@Ed@Qd@k@@ICGQKIQSY
18935062,[Tom's] Gate downhill to Rose Garden,1821.8,-7.0,37.608264,126.951404,37.610389,126.941653,,,,
18935033,[Tom's] Rose Garden Climb to Gate,1803.9,7.4,37.610596,126.94129,37.608282,126.951203,,,,
1620966,진관동 158 28 Climb,491.6,9.3,37.6229472,126.93267983333332,37.626521200000006,126.93241496666666,,,,
20414792,[Tom's] Jokduri 'Easy' Climb,930.4,22.9,37.620034,126.936881,37.617704,126.941994,,,,
19335743,[Tom's] Ecobridge climb to the gate,2191.1,6.1,37.598155,126.938063,37.608229,126.951264,,,,
21312987,TRB - 북한산 향로봉 버티컬,190.0,38.7,37.62407,126.951526,37.62535,126.951654,,,,
19381377,[Tom's] Rose Garden Climb to Bulgwangsa,675.3,5.3,37.610308,126.942045,37.613279,126.93863,,,,
6931268,△북한산: Jokduribong Climb,1058.1,24.1,37.614486,126.933989,37.617705,126.942022,,,,
24299005,북한산 구기탐방지원센터 ~ 사모바위,2114.8,16.8,37.61642,126.961613,37.628091,126.959208,,,,
20732253,Jarak-Gil Climb,1103.8,6.6,37.596674,126.952911,37.603658,126.952658,,,,
7641157,북악스카이웨이(하늘한마당->팔각정),3977.8,3.5,37.595979,127.006592,37.602282,126.981966,,,,
21090774,북한산 둘레길 4코스 / Bukhansan Trail #4,1450.9,-2.9,37.621057,127.00727,37.618661,126.996838,,,,
18915927,Golf to the sky,1512.7,7.3,37.602128,126.997216,37.60706,126.985562,,,,
4967533,Segment,315.7,15.2,37.606393,126.985098,37.60439,126.984304,,,,
16194161,북악팔각정 - 정상,1139.2,-1.2,37.601447,126.980943,37.60774,126.986435,,,,
5233428,Segment,948.2,8.8,37.601496,127.012191,37.597674,127.005792,,,,
1454507,평창동 404 Climb,805.7,6.4,37.61446431666667,126.97956836666664,37.61732928333333,126.97507871666666,,,,
6377256,Segment,706.4,8.6,37.62789,127.00862,37.62404,127.00965,,,,
1454506,정릉3동 산1 278 Climb,935.2,13.4,37.61512618333333,126.99275266666668,37.61433513333333,126.9852246,,,,
1454505,정릉4동 산1 59 Climb,902.4,12.1,37.61714466666666,127.00224495,37.61644073333333,126.99525691666668,,,,
21075363,미성아파트 산책로 리버스,634.1,-0.1,37.622378,127.066041,37.617123,127.0672,,,,
21075336,미성아파트 산책로,576.5,0.1,37.617408,127.067122,37.622316,127.066087,,,,
11407622,[중랑천]5K_한천교↔녹천교(동)@ddamdo,5143.6,0.0,37.626128,127.068636,37.626115,127.068559,,,,
20970436,장미공원 트랙 (800m/반시계),805.2,0.0,37.604652,127.073181,37.604643,127.073191,,,,
23699757,중랑천 장미공원~한천교,2017.2,0.0,37.606544,127.072406,37.624342,127.070134,,,,
28335507,우이천 월계2교 ~ 꿈의숲SK뷰아파트 103동 앞,518.0,0.4,37.624284,127.050175,37.620567,127.053765,,,,
7719942,Rose Run 중화-태릉입구,1462.7,0.1,37.602796,127.074005,37.615574,127.073578,,,,
16130309,[hirun]월곡인조잔디축구장,429.7,-0.1,37.608256,127.039812,37.608172,127.039869,,,,
7713860,Rose Run 태릉입구-중화,1575.7,-0.1,37.61623,127.074597,37.602602,127.074118,,,,
10116063,천장산 업힐 1,690.5,10.9,37.605906,127.054992,37.602074,127.051736,,,,
9685788,[휴레] 봉화산 둘레길 한 바퀴,4007.4,0.0,37.611262,127.082819,37.611045,127.082732,,,,
18670656, 먹골교 Last 1km,1055.9,0.3,37.619136,127.081993,37.61767,127.0929,,,,
13788190,주차장기준 시계방향으로 한바퀴,4541.0,-0.1,37.597863,127.115192,37.597708,127.114873,,,,
11142972,과기대트랙,425.0,-0.1,37.62974,127.078949,37.629773,127.078966,,,,
9759312,봉화산 한바퀴(성덕사 약수터 큰바위),3661.8,0.4,37.60618,127.084968,37.606064,127.089038,,,,
27641946,종합운동장 5km,4997.5,0.0,37.627434,127.099751,37.628117,127.100224,,,,
17265684,홈플신내오르막270m,278.9,2.5,37.615715,127.092841,37.613456,127.091501,1494.0,135.0,1.0,eyqdFgyufWHBr@^`C|@`@T`@\`@LjAl@pAx@
27914652,한바퀴,4272.5,0.0,37.620365,127.09929,37.620358,127.099285,245.0,41.0,3.0,gvrdFqawfWs@{AuAeC?HXj@fAbBXn@F^D@A[Sm@qB}DUm@W{AKuBiAuFa@gDUq@yBsD_@a@yBsAyIgEcBcAWIM?g@@KBQN}@nAuAlCUrAGr@Mt@Ez@OdAUr@QbAO`@[fBEr@Fv@T`Av@hFNh@Vb@hAvAd@v@lCnGTj@V~@b@pBlB`Hp@hCl@fBh@jA^VnClAf@CtAuA\U\?^^rBpC~CvEl@r@zAr@hBbA`@HL?f@I`@]dAcBnAgCRm@Ry@\eEXsBRaA\cALe@?OOsBAs@J_DAOEUMc@S[WYw@a@S?a@Na@Rs@l@y@x@a@RE?IGa@s@iA_CoBgD
28037549,봉화산 둘레길 1바퀴_반시계방향,4123.2,-0.4,37.612628,127.090843,37.612989,127.091054,62.0,14.0,2.0,{eqdFwlufWIP@NVj@Vt@RRNCVFZKPCVRPTRCJGFOD[DCRIB?J@PPLOJSLCHFJVR`@DBN?NDL?BD?HBF\Bn@RPXHVHJ?LO\@NAHED_@TGFKb@GHKZEDu@NIFGXWj@CLIP]FSAi@Z[BC@AJ?b@CH@BRL?p@EJURGRIFEJKJER@TCHWJk@BQDWXIj@EFILWJ]@YG_@KaAg@OCI@KLAFQNAj@Kb@@BZLXj@TXP\FFZJFDBDANERKR?BB@@ECLJKN?HEF?RNZ`ARRn@Xd@^f@GVLb@HRJZX@NHNBj@Hj@LHXHNJ^I\AVFNGFAJBLJNd@NHJ@NCDMXa@PMRDHNB@NKN@DCN@LFh@CFCFKFEt@ETKJOR?TNNBNIZ[\aANCVIXULWZKEMMQYe@DYFEL@PGf@y@DWDKDCTIRi@LUJARFVPFJH@PONIJ[X[BIFIL]FED?JLLBDFXBb@CJKL?FGC[IYAY?[GWAYISW[?UJu@Cc@EMMGEIFk@NW@G?IEMEa@I[Cc@[c@e@a@AQFc@GSOO]UEGMIOAGIUIIASLQ?a@BOCKKWKYJIHUKGGQ_@Ke@IFKEGI[KG?EEU?IGG_@Q]G[MCSMGKc@g@KIOC@KLk@@_@HKRKHKCu@MCQI[[M?W[UA_@@MCWm@EAM?ICGi@MYBMASMU?OM]Hc@FQ@SEEYMWIU@s@XEj@INIBIEQ@MXALDRE\CDGDY?g@HCDEN?VLb@BTETMZQHO@[EUKQ?OXYLIJGBQVGBQBGHBTELCXQp@KNQIc@GWM]G
25944989,신내 옹기공원 1바퀴,414.5,0.0,37.614922,127.088812,37.614861,127.088769,5408.0,149.0,3.0,gtqdFa`ufWJHj@IL@^Ad@FTCZGTAt@FNDd@CZDZEDEeAGQB}@@I@YLWDs@Im@?O@[EQD
30500603,롯데은평몰 도로방향 200m 쥐어짜기 구간_DDRC crew,208.0,3.0,37.638166,126.917055,37.636291,126.917307,24026.0,1202.0,1.0,oevdFqnseWP?TCFGTGn@@LEF@`@APIR?TIh@@BAz@A`@C
34907483,앵봉산 계단오르기 2,499.8,16.8,37.636288,126.914183,37.635834,126.910886,1674.0,927.0,1.0,wyudFs|reWGJQBKFG?IDICI?GBB^C^FTNnANp@ABJTFd@N^H?LDDHCLFjAJLABFH?HCHHP@^IVMDORG?EJc@V[ZIN@BNBBEf@Mj@DNCXORH
22879588,이말산 (구파발-하나고),2115.2,1.1,37.636271,126.919184,37.642496,126.938169,1833.0,798.0,9.0,uyudF{{seWIOAFCEAG@OMYOCGGYJWSEMKEO?Ys@C_@II?OGSDWCE@EF_@Di@Ci@IWW[GW[{@@UTs@F]AG?IOq@Wi@IU?a@[_@@[[u@UmAIQk@e@YYO]YMYYEMIGMYGCGI@WHUV[b@w@f@k@Rq@Cm@B[AWHo@?gAU{@CWBGEM@Oa@aAA]CQg@s@G[?e@BQCg@Dk@CYCOMWGg@_@s@Yu@A[@]Ik@EOY_@Ec@?UBKAKFc@FO?QH]?KMk@BSEm@@OIG_@DSKQUWWm@{@c@y@GOIKWu@Q[s@q@UCMIKMWESK[e@SOY]GKIWa@WKU[OO_@IIGQGs@I[?EDMLm@P]?KGQ@SI{@GOKIBE?OQc@AU
6616050,북한산 둘레길 9코스 / Bukhansan Trail #9,1366.5,-2.8,37.637613,126.938219,37.647269,126.93858,4180.0,2046.0,3.0,abvdFyrweWEUIK_As@oBcBu@]eBcAi@k@c@k@iAiAcEiD[QGMAa@DsAECa@CYD]?[\SH]T_@l@[NYd@I^Uf@U^MZC@IECISQc@Do@I]B[?[Go@WSCG@SNgA`@MJw@nA]Ri@t@UDo@BMDc@XITODs@z@_A|@]Lc@X[P
6231503,Segment,661.2,13.1,37.636681,126.919556,37.638857,126.925544,2041.0,850.0,1.0,g|udFe~seWSEYYa@GQo@?IK_ACm@JqAGY_AqBAa@VeA?kASg@OOK{@YQg@oBWw@k@y@wBiCCi@Vo@
6081447,Segment,774.4,19.4,37.639754,126.967762,37.634618,126.969669,716.0,521.0,0.0,movdFok}eWj@wAJOB??BAIFE?KBAP@JCJBRGBIB?DEDQCGJ[F@@GF@@B?GDALQFBDAHABCHCH??IBFN@BE\QGK@NESFJHCJ?ZIDMXCDGAk@PIEKFEf@KJID?JGZ@JDL@JARIH@HCLQHGBQFCR@DBBDBGHAHF\CNDHELDHJCHBPNZB@FJCFN@?J`@GAMDID@LEB@JG@BTKDGHBABFAIP@DACR?THDGRGP?JA\F
6081446,Segment,363.4,16.3,37.643556,126.962352,37.642803,126.965395,1312.0,858.0,1.0,egwdFui|eW@QJWEG@IDKB]?MBCC@FCAMGED]@[FSDEDCD@?CDBM@FEPcADIKO?UB@BC?B@E@@DSRo@B[GFAHGF?QDMJMLiALi@NY
21091723,북한산 둘레길 10코스 / Bukhansan Trail #10(NEW),3686.6,0.4,37.647273,126.938358,37.662382,126.951122,356.0,283.0,1.0,m~wdFusweWBPyChC}@z@aBhAc@RiA\mANkABsCk@cC_Ba@Q{BmB}@o@a@m@_Ay@Oc@D}AE{AH_BTyAD{AAoCDm@@{@^sA?m@Em@Pk@v@}@Ze@j@m@fA]b@DjAOb@MZ_@LWNq@Hk@Dm@?W{BaD]]CK_AgAWc@aAu@Wi@{@u@Ki@Qg@Uc@Bk@CM]W[c@Sk@UOYL]]_@O[`@]Tc@JU`@AHc@Je@G_@GYOIS?Oj@qBFcALy@QiAI]C?CIUe@OmAe@K}@v@e@Rc@Ac@Kc@Uc@J{@MYbA]^s@bAe@J_@KYa@g@K]Yc@S}@U?j@Bk@CfAOh@FRUd@[\Kh@OzAI`@e@HgAVc@POAk@c@e@YLYI}AUsA?SUqBCCiAFaAe@YJe@@e@Ga@Sc@KU`@GX
1620967,진관동 산172 Climb,689.4,10.0,37.630568700000005,126.933519,37.6327406,126.93911195,4905.0,2266.0,2.0,_vtdFmuveWu@\g@DCCISE[B]@}@EcBGy@EM]AYKQUq@]CCCQC}@G_@GUCe@Do@P_@FQEMOCC[HcBEk@U}@Gi@AUCMSOg@k@KUISQmAEQIPIH
7150883,△북한산: Ui-Dong Road Climb,1757.9,11.5,37.66085,127.006598,37.657528,126.991698,2192.0,1165.0,10.0,iszdFe~dfWZjABAHPGDBADLD@@FD@JXXb@PPBFXTFJPLJTLLABJNFBTb@PLLRJDJPNJh@PDL`@LDLZTND`@b@HPNj@@h@ENAVBTFNTTHLVz@NTBRTL@JEd@BHAJ@PLd@N^Pl@PZDBHALHRF^Pf@FRHF?RRFRXNADJDDJTTHVD@?BDBADJN@b@Lv@@RHN@NBF@PCZBf@CVAp@Eh@@FCrA?d@Ff@TbB|@zBJr@FVDBJZLf@@b@[~@It@?\ENYtBSr@CLEFEVOb@Y`@k@`@q@Xe@XSBa@|@W\S`@]VADc@T
6931293,△북한산: East Gate to Baekundae Gate,2557.6,6.5,37.640747,126.985731,37.657519,126.979357,1599.0,1014.0,4.0,suvdFy{`fWGFENIbAHl@Cf@IXMJKXW`@IVOBSGc@BQP]NIAE@SVMFa@J]Ec@Di@Ve@@MDu@f@a@\C?CHKBYCi@i@ICMMSe@MCWQYk@IGGAYBUEKKQEa@[UISCKIMFm@?_@J_@AICEEO[M]OKMAy@N]RS@i@LS@KDGFMZE\N^?T]`@G\Wb@Qf@GB_@\SNK@a@GUDQ?YJe@ZG@ECMD_@?CDKBULSFS?MDSAGEIAO?YUWAa@REFCCKBO?s@b@a@JGLAJDp@JPCZBHA~@FT@RC\GRCD[JOJG@U?CBECOCWNQ?YDECI@MKO@u@n@Ud@UHQRQHEAOLYBIFO@KNA`@EVi@VKb@CD@HCNKFEJEBCPCFKh@Cl@OLANSREEAKMIKQDMAIKAGBQA]_@KEQ[I?GAGGGOOECGEACGEA?CKEI@u@ZCFGBGTKNM?_@TE?OLI?AFG?ODECG@CBBCEHGBI??AUBQIQBKMQIAGGAYJOEOKAC?B?MAGK@WEEDMUE?EIKCIKM@GGGAAOCGEACMEC@I
7150890,△북한산: Baekundae Gate Climb,1928.1,21.4,37.658326,126.991023,37.657727,126.979624,2366.0,1607.0,16.0,oczdF{|afW?DIHURIXMHGJAPGBENG@IFCRMNEPMNGDKNM@OAOHKRKBIFCHUXENE@ECKDGAE\IZORE@Qb@IDEAMH]ZQHGHG@MLY?WTAAILM?o@\KJOBEAQJED?@EBKAORWPGLIDOd@EDCHGBADEBG?KX@DGZDT?^Lp@MhA@JE`@?n@@NDHTDRPRFBH^ZHNNLB@NCHFJBDANHHCR?FBJ?NHPAB?EA@C?DHGJAA@J?LFJGRCBB?A@FAEBDF@PGDFH@HH@CVAFJFBZA@GFALBJTAHDJJJFB?FDHFBFLHF?FLFGXDN?FFDFJ?BC@DDF\RZD@@LAA@D?AA@Tt@HHXHAJBDABFB@BADC?B??BHF@?GHMD@LABRPCJJBFLTRABDFAFDF?PC@DFCBB@?FNRANEDC?DBMRCLKTB@AAEFALPVDLCRF@HLALL@?DPR?LJFA@@RFFC?ALDRB@JTNHBF?RFDANEFHNBPHFBD?ALD
21090737,북한산 둘레길 2코스 / Bukhansan Trail #2,2334.1,2.9,37.651622,127.011716,37.64233,127.002228,3503.0,1966.0,6.0,syxdFe~efW\Nh@hAz@xBZZXE@INE^F`@x@j@RDb@Ih@W^Tj@Bv@Al@GRFHWzAUXCGTt@Dl@Ar@Zf@\ZBFV^b@XVf@Gl@Uf@Cb@Hz@Lj@JHWh@Cn@PXBj@d@NCRFXGj@@n@DTNZBl@E`@JJ\JJI^KA_@hAa@`@UZ]XSdAe@b@?^X`@J\a@Ho@@cA`@UfAe@PCf@nANh@JPCJBLEBGHJ`AHjBLd@HDL\DB^PRJDFLq@@o@r@cATk@Dg@HA^Pd@N`@XNAb@RZ\Tv@A\QNCXDJRd@|@z@j@`@HCBE@@Jx@`@|@TX\@HB@FPDd@e@Tg@Do@QwA
26692997,북한산둘레길2 (신축계단길) ,2216.5,-3.1,37.64237,127.00233,37.651599,127.011826,2218.0,1216.0,1.0,y_wdFqcdfWBNTr@H`@@XE^If@GLQLAFKNEF_@@?@KQc@SQ[Mo@Ew@c@?UGW[WOYYY_AAODy@Gk@IWGG]IOKODI?[UYOKK]GGFEXOXGTEDWPKRGXBX?`@Mb@EDG?QGQKI[Ue@KIEOKmAO}@EESFISa@k@c@OMKMEm@HKNQHORu@QYC_@@G@GHKFGJCDEAOFMFKNSJADKH[D_@TMBGDKBALDPEFIBYBGJAC_@NAACUDa@Cg@[eACc@Ds@Ec@_@YCk@SWAG@k@Lk@AEG?AA?u@Kw@Du@Xq@GWQOIQMCGESUGW]WI_@C[Ic@Qc@Ge@?EFMFc@@]HWBm@JOHq@Em@QQE[P]HY?q@a@CKIEk@MMIQe@?KRSHG?IIg@cAq@gBQ[e@kA
20777220,[처음처런] 질주 구간,726.0,-0.5,37.652951,127.054659,37.646141,127.056351,50586.0,4241.0,11.0,}aydFqjnfWQ@DHF@b@Ev@B~@MtAGnCAd@Gx@@`@Cv@KhB_@tBm@`@Uv@[r@U|@SjAa@XCrCcAPC\Ol@ATG
14657111,둘리 VS 고길동,1413.6,-2.1,37.641724,127.032837,37.631745,127.040985,37957.0,2472.0,14.0,w{vdFebjfW^UTGVUVKHIVCb@YPEDINKd@Gb@UNM`@GjBm@r@Ql@G|@c@^Yf@Yf@Sh@KZQTU^e@Tg@b@uA^{BB_@h@sB\}@\i@XUv@a@b@[^Of@GL?nAWjAEb@IxAm@ZSPShCqBVIJIh@Mt@g@b@e@h@{@~@qBTo@EF
23396432,인라인 1lap,312.1,0.0,37.644125,127.055908,37.644088,127.055861,11384.0,1305.0,2.0,wjwdFkrnfW]SgAa@mBk@_@GILBP^T|@ZhAPhAXJABI
18355419,창골축구장 트랙,377.4,-0.0,37.648723,127.041394,37.648691,127.041438,64153.0,508.0,7.0,ogxdFuwkfWeArBAPBFx@z@\VNEhB_DRe@Yg@}@w@ME]ZWj@
19638234,N1RC코스:[공릉동철길]좌측왕복_하이파이브런@ddamdo,2249.2,0.1,37.631457,127.069886,37.631441,127.070025,696.0,95.0,6.0,q{tdFwiqfW@`BF`ETdB`@jE^vBRzBQoBIg@]gA_@mCU}BEs@OiACuAFkBL{BPuAz@mCHi@Dw@H_@\{@d@s@z@o@\a@l@_A`@w@RQt@cAR_@v@iAXeAf@eAj@{@zAiAZOz@m@RYwAlBWPi@p@SR]t@UXkArAc@t@o@pAORc@`AcA~A{@jAo@lAi@j@MXW^OZQdAc@tAUrAMbAAR
14657070,쌍문동 둘리런 ,4766.8,1.6,37.646913,127.025889,37.646993,127.025545,664.0,126.0,2.0,e|wdFwvhfWWDEXPEBZo@[PD^Xr@\D?JGPDVEn@[h@_@V{@^}@Ja@Xk@Ps@NeAVs@hBeDx@cAtAwCNg@d@q@Xm@\e@h@mATQHYp@}@LYf@{@Vw@LQNq@HOZOFILEx@q@`@MVUVKHIVCb@YPEDINKd@Gb@UNM`@GjBm@r@Ql@G|@c@^Yf@Yf@Sh@KZQTU^e@Tg@b@uA^{BB_@h@sB\}@\i@XUv@a@b@[^Of@GL?nAWjAEb@IxAm@ZSPShCqBVIJIh@Mt@g@b@e@h@{@~@qBTo@AB]^kB|Cu@r@i@Ze@\[\[p@GHOD{@x@aAt@YPGAYLo@J]@c@H_BLKDgADcAt@IBk@h@WZa@r@M^S|@Uh@o@`EGVSb@}@vAa@^e@Pe@Vi@L{Bx@I?MFYB{@Xm@Fo@P_@P_AVi@\]NOLWJIBGAKDy@n@MRSN]b@Ql@KTa@d@Ql@OXAFy@bAc@p@]ZUl@c@`AwApBSd@m@hBYh@s@v@_@VUZy@jBK\Yl@WtAKXi@hAi@`Bk@`AYXOJYJi@HWKm@g@
19638249,[공릉동철길] 언덕뺑뺑이 2바퀴,168.7,0.5,37.631288,127.065674,37.631287,127.06568,244.0,107.0,1.0,oztdFmopfW@RLXNAJS?[GMYHGDABFVNTLCBGBWAMEKe@J
40639437,당현천 당현2교_염광교 동편 by psw,631.5,0.4,37.650385,127.068521,37.655158,127.072092,28372.0,1861.0,0.0,{qxdFgaqfWc@k@?Yy@gAuB}Bk@y@a@a@Ya@o@S]g@_@Wc@OA@SGYWeAs@][ICIIYQg@USCAGICe@GCCk@MmAMMDDAMGg@B
40667936,상계교_창동교 서편 by psw,1026.2,-0.3,37.661821,127.050966,37.653024,127.053703,14150.0,2631.0,0.0,kyzdFosmfWjA@d@@lBITCf@Qj@[|@Wb@WXIl@_@fBs@~Ak@^I`@Q|@g@r@e@`Ai@x@g@d@Ur@UPAT?pCi@dAWbAOXBj@Al@BnABp@?VBd@AXEFB
6487452,Segment,632.5,11.5,37.630016,127.054042,37.634554,127.054744,26.0,11.0,0.0,qrtdFwfnfWKICBe@j@WTSNG?IBWRu@z@]NiBb@UKGMCMM[MQQSUCOBOEU@MK]Aa@GKKKDKG_@KMOQGQ]?KEMAQCECMU[SIKSAGIKC?EGEAMF?CKCq@EGBS?GHOB
19965815,진옥자전거캠프-서울둘레길1구간(불암산계단구간)(JOBC),813.5,8.8,37.647783,127.088964,37.642666,127.091587,3224.0,1707.0,2.0,saxdF_aufWPGj@?j@Rv@FRJJ?DDL?VI`@LR@LHTDr@SDGJABMTS?IEAAYJq@CQ@UFOB[JW`@WJU@YDITaA?SFCLFN?^IHIT@DABOd@_@NSNIh@KLOROBIPU?EBELCBGNABFJKFA?OTKDNFDHDD@DE@D@EE@D@DWBCFRDBDABJDCJDDCAPLBNVFC
22631051,TRB - 불암산 버티컬,405.0,34.8,37.661398,127.092928,37.663574,127.095232,5791.0,2430.0,2.0,uvzdFwyufWMGEMKAGGGSQKKQGCMKAIGACEOIS@?GKCYWASOe@WEECY?EGSAKE?EGAACEEC??OCAAIDSAEGAH[?QEOGGMHCAKMCc@EOMGGKC@ENMBBD?GKG?CGC
19965794,진옥자전거캠프-서울둘레길1구간(학도암삼거리-불암삼거리)(JOBC),1512.2,6.8,37.652331,127.085063,37.642707,127.091563,3173.0,1639.0,1.0,a~xdFshtfWv@g@Z[VIN?FCNMXoADg@?SPiANSTOJEXABU\y@Va@@OPw@@u@^GZ?VKF?DKFENEh@ILGh@HTMTHj@Eb@IPDJGBBFAFKZ@FA`@MPGF]P[LGBELEH@VKj@?j@Rv@FRJJ?DDD@^K`@LR@LHTDr@SDGJABMTS?IEAAYJq@CQ@UFOB[JW`@WJU@YDITaA?SFCLFN?^IHIT@DABOd@_@NSNIh@KLOROBIPU?EBELCBGNABFJKFA?OTKDNFDHDD@DE@D@EE@D@DWBCFRDBDABJDCJDDCAPLBNV
19450989,진옥자전거캠프- 태능선수촌체력단련구간(JOBC),991.6,5.8,37.643246,127.09446,37.651325,127.09337,5009.0,2021.0,5.0,gewdFkcvfWyA{@{@@]Ce@@k@XODW?}@Ng@E_@QYGm@Ta@Xe@`@MTi@n@e@\WH_AEMGa@Ee@?QDYr@YZa@x@GBQA[Bi@LOHa@h@{@TkKiCk@@QK
19442318,진옥자전거캠프- 서울둘레길구간(JOBC),1548.4,6.5,37.636936,127.09073,37.64788,127.09331,4717.0,1943.0,1.0,y}udFalufW]EWJo@FEE}@IMBSNSR[d@QLe@PS@[ASKc@EMMUOq@q@_ACUMOCm@k@SIY_@UAOKUE[Hm@?c@[Q@OEQBOJSIo@_@c@u@Mg@Ce@SIIK@MU[?YTe@Lo@AUIK?QIc@FKAUK[Se@WAUEc@WaAs@yA{@{@@]Ce@@k@XODW?}@Ng@E_@QYGm@Ta@Xe@`@MTi@n@e@\WH_AEMGa@Ee@?QDYr@YZIN
5907639,Segment,1535.2,14.3,37.646663,127.093405,37.657411,127.092069,5283.0,2080.0,1.0,szwdFw|ufWWAWESB_@ESEWOOABED@BFEDGB_@Be@\GJFVNCWPIRa@Vg@A]JQHMNGZE@q@JOCBHDCAG@KHGAFEFDBD?BEE@@DDMBBEEOL]Ba@RiAEWFUPO@IA]QGAGLG@}@eAO[_@a@WOIAKGs@@MMc@IQIQ@IFc@@[UCM_@k@[GWAAFK@UUKCS?QJE?IGEFSFKJICII?DM\g@XKBM?c@b@_@Bi@Ho@D[ASt@_@Pi@|@@FFJCJO?IH_@HGV[RKAMBKC_@D_@IECE?KFE?u@Km@[ODU?OJMKOBa@ISD
22231753,진옥자전거캠프-불암산(상계동-불암산정상)(JOBC),1718.7,23.3,37.662223,127.079289,37.663661,127.095117,382.0,207.0,3.0,{{zdFodsfW@OAIWi@Oo@IQAM@GHI?IJIFOHIDKEGGSIaAu@}@Go@BSLS@IEOD_@LS@ICYA[HSB_@N[Eg@@a@CKIKg@YKS[_AGIOy@EI]g@GUBUFOH[AwAPgA?UCMEe@KSCUAQBg@AQQa@CK?MBQPOD?HGLSDQHK?QSmAEECg@Mg@CWKGSGc@CGC]e@CKJs@Ri@@s@JEFO?YIg@?KHa@LW@o@BEHCFI\{@BQ@_@Gc@Hk@COLW@WIa@Dm@A]@QGKH]?MCSEQSU?IBIAEOOEQ?MIEs@{ACG@SEMMICIMCCCQKGQUYKGJ[DCVEh@_A
19811809,과기대 200m 업힐 @ddamdo,290.4,7.1,37.631757,127.082428,37.63383,127.081809,8280.0,531.0,5.0,m}tdFcxsfWI[WUc@Ks@WkADy@@KBKDEJUvAELQPQLaAl@
21610694,삼육대 트랙,870.3,0.0,37.641801,127.107578,37.641738,127.107597,1694.0,81.0,1.0,g|vdFiuxfWTv@D^D@TEZC\?HECM\UAIEC?MEGIAGKi@Ga@KYQC@Dd@BHDBFz@DRAFF@\Et@DTJEECUHQBUKIEm@Ik@a@a@q@OM@UAGBELC\?l@Jb@LhARBVG\Eb@JBEGKJq@ICB]I}@GOAQS[IAS@]BIFCDIPAZ@h@FT
7148974,△북한산: Dobongsan Down to Ui-Dong,5224.0,-12.0,37.699098,127.014875,37.667024,127.010877,1680.0,974.0,3.0,ibbeF}qffWJN?DN?HJBLHN?NCNFDARFZPHDLCNTXP^?BRF@VJN@^NLCLIRAXELRXAFE@?FEH?XA@HHG\JTFBBJGFDF?JLFN@FFJb@FBHJJBRTHVHJE\DP?\JPAH@DHFFVZ^DBDLJHDPNJL\L@?AL?DC?BDANBFOL@HD?AB@AADAHIHUNCBMF@DD?TBL^b@FADTRHBLLRPHH?LEDBB?BBF?JBJNADBFFFJ?NJP@D@?B?CBBH?X\FDB?LBDD@DD@DFHCL?DANQb@Kp@AZJJ?b@LLLx@^b@HRHN@NVJCJIBAFDHGH?AHF@DETVPD@BCHFHJBBDFBLK@IFACWBCD?HKBCBJHDNYL?RG^@LHN?VLNLF??EJBFH@HRDJLJGD??EJALBBDLBH@FEFBP?JFB?BEN@h@?PDX@DBb@UDBJABDVFRMH?NGJY`@WRCHGLADENGHKBAp@?JBPMT?NQDQZERW@@BEBIJIJCFB@FF@JLf@KLFH?THF?NHFCR@@@?CLAD@@AF?CCRDLBFHXFj@TLH@JDF\ANKXHFMDAHFRF?JB@@LHBBLJBNTHADIDCd@?HBj@SLB?F@?LJFGHHDIV\?EBEF@JMCE@OPW@QLADI@EGUBQ@OBC?Q?GIEDECAHEKM@G@@BICGFMND@C@ECKBIH@DKGMCDGCKB?CIGEO@EDKD?FIISBKMO?KEGCMIACQGO?GBIRONI@[JEDG?CECCEFIZEl@[P?FDFMDHF@BK?MJSFY?WBQDGLDFCFDLBJHDPA\BDD@TAROPK\KJATJDLPJ^IB@J?FCDKASDKBBP?FDRFLAJCJKJ@BEBBD?DK\GB@@VFJXTJ?TRNIJCHGXBEGF?LKD]JA@?@BL@HEPQDM?GBEXMJCL@PGDD\YH@BDJARCJIRGBIBCB@FECKBKX[RGJ@PAFEN@FANWVYZCXOH@ROHENONKf@CTFf@URDDAPGJIVGLIv@BLGL?`@Q\g@DCJCLBTIjA\LH^BNHL@r@h@H@NHRFN@PEL@B@?DD@PCJ@ZIJBTMREt@PJLF?`@LLPh@TTPDHNPVA^MJ?HFJ@LERd@HDJAJHPRV^JH@FBBFETN\v@HBTANDh@VDJVB@DJBLPTJT`@VPNBTd@HBRLHABGHCFBFEFF?DDF@AH?NMJ?JQRCLK?IDCH?HCDIDANULYPFR\JLJFJVRNh@HRNHJTD
26381365,진옥자전거캠프-북한산우이령길(우이탐방로-우이령)(JOBC),1117.3,11.3,37.677923,127.003481,37.683687,126.997577,3246.0,1397.0,0.0,_~}dFwjdfW[FOPIl@Bj@AXEPKJg@Hs@@m@Fk@C_ABKBGFEPC\JhA?HCHIJ]LKHWb@QN_AxA[^WRWh@Ul@a@h@Sb@Gh@DZJLLJn@PNPFPENGJYl@GF{@NWAo@Ia@@k@GOIKMc@{AIKICKFGHS~@]|@OReAfA_@f@YTQXYP
22335913,TRB - 도봉산 버티컬,1100.9,10.6,37.683422,127.010914,37.690365,127.008179,270.0,160.0,2.0,k`_eFeyefWAHC@IAA@CXO@?DK@ITFXZV?XP\A@@CODOLKGOACEA@ANMHG?KHIBKRC@CAARGRAEMGUHAECBGCCDGA?BA@EAK@KFCIODGBC?CGK?EDISGEC@OIKAAGCAG@KLC?CL@CGFC?BRQXKH?BI?KPFN@HKVAHUEOGOBGH?IECIKOE{@FGCA@YAQKIBEGC?AF?EE?GCG@GFO@EGKACGEACEKASHADECEB]?IJA??JMNMFK?KJGBMGC@CGQ?ODOPI@CAQN{@\KPAPCB_@LKLSCEGK?AEe@TQ?YEw@H]Ck@?II
9014135,Temple to the Top!,859.2,25.3,37.693804,127.019525,37.697509,127.016068,1397.0,980.0,2.0,gaaeF_ogfWHN@LMP@BD?LJTl@PN?Fe@p@@FIH?BACEJQBGA@CKCMLGJC?@`@En@JPEA?HGHPJ@TD@AJFT?PBHALCBCG[TO^EBEIG?@YQ?KKMHE?WIIGG@@AKFCHKDu@SO@i@RGFENQFEHGBQEM?KBEN@FG??DILIFCEG?CDMDK@IB@HABKCEHG?@F_@OALMNm@AYOQABTCBDJ^VYOAJC@KCECIKe@FMXA?
27743843,육모정고개,329.2,34.0,37.670816,126.99733,37.670974,126.994077,1503.0,787.0,0.0,qq|dFidcfWA\DFCf@@DKXUZITIHIZARLxABJHBBDD?@BEJANED?^BJ@XDHIl@@BDAJN?^FHB??HAZYh@?P
4957564,Segment,955.7,8.9,37.677105,127.031472,37.684637,127.02996,3971.0,1726.0,4.0,{x}dFuyifWQPKDMA[OY?g@j@YFg@RWHIA]_@GAGFSl@Wh@SXi@d@i@PQROXIBs@b@WFIJKF{@X}@PO@eAAm@EWG_@@a@Ys@Qg@e@]QUS[AMB]Q]I{@LWASIu@I[@KDa@?KBa@XE?KGI@O\SP
4957565,Segment,588.6,13.4,37.6871,127.035333,37.691867,127.033404,1054.0,593.0,4.0,kw_eFyqjfWIBo@@a@XQDsAGa@@i@L[@k@Ra@DKDUJ]XMBq@Ju@DKCa@FKJ]Hg@d@]DOD[NOJUFWLUTULCREHGBEFKDEFQDMHGJC?
4957568,Segment,627.7,13.1,37.668472,127.028115,37.672892,127.02564,3661.0,1743.0,3.0,}b|dFudifWCT@dAMDADWXOVm@LIDIFi@j@SJSFMAKEM?MLG@QIOA]FGFUBOEEGKC}@VIHOd@OJQFOG_@?GCMBQAKEMBGN]@OFGA[?KTOP_Ad@ENQPCPEFKFW?
10688477,상도교 → 장암대교 (중랑천 서쪽),1276.7,0.1,37.686223,127.050921,37.697149,127.047929,23803.0,2359.0,4.0,{q_eFgsmfWgAr@m@XaAv@SHk@`@mA|@i@NWBeCDcADcCBi@Fc@Cm@M{A@]Bc@HKDwAbAoAVwC~@wARw@B}AN]Fy@Dq@@QBGA?IECIAq@Fg@Nk@Z]NoAR}@TgB?OB
26902490,갈말근린공원 순찰,466.4,-0.0,37.665602,127.055082,37.665502,127.054992,3345.0,53.0,2.0,_q{dFgmnfW]C_Ab@g@FUNDr@J`@D`@Nz@J|AFl@BDRD|ASLa@Lm@@e@MiAQ}C
9158674,장암대교 -> 상도교 (중랑천 서쪽),1247.4,-0.4,37.697047,127.047905,37.686328,127.050771,24081.0,2314.0,3.0,ouaeFk`mfW\GVKLAXFl@A~@I^K~@c@`B]\@d@GfAC~AOz@MhCYl@Mt@W~@Qt@W`@St@m@PIj@KbAIb@Dv@Nf@?hAGpABp@C|DGd@K`@S`BkArBkA|@o@
28375533,중랑천육교↔당현천,12948.0,-0.0,37.667187,127.050099,37.667165,127.050074,26.0,13.0,0.0,{z{dFanmfWTY\YbCsA~As@VQZKl@[~Ak@F?\MRALGPCL?^IP?LEJ?^Gf@AFEX?PEt@CNC~@EFCZCd@Iv@GLCZ?JEh@FZIR?JEZ?TEl@C`BWDEF?JG^Ix@]^Mv@_@j@U`@WRG^Ub@MDE\MJCBC`A[PMtAk@TMTGDED?REZOJA^Ur@Wd@OJADERA|@WJ?VGN?x@Ip@?FB\?RE`@@RGfAElC?FEDDB?DELAD@PRPF~@GdBBB@\Ev@?z@GlB?DAl@AhCi@PIF?NKr@YXGDCd@ITMd@KJGb@GBC\KBCPABED?rBs@VEb@E\OPCXCTKZCLGRCTE`AKXBJFTBHATB^NF?f@Jf@ND?FDrAPFBn@HDD`@Bl@L`@@LD`@EXKL?d@Hf@@HDbA@PA^MJ?p@KL?|@OXKD?t@SRKNADC^EBCRCDCJC`@UTSV[P]TWR_@TWRc@BCLWZ_@b@u@PQp@_AVe@Pa@d@g@LSDCh@_ABKOOmAIe@UQOK?a@IUAa@YUIi@[m@QWCSMWEk@Uo@OSAMGk@ICEK?_@QG?a@ME?CE]E_@Kw@EiABo@MU?[E[?CCQBOGaA?C@IAE@q@@y@SYA[GS?o@Ii@[G??EMIOWQKOQW[GQa@[SSw@{ACMSYSa@G]MU]a@?QEEo@{@EA][Ya@YQUYOIc@c@QIa@c@SMOOq@[m@_@k@Q]OQQ[g@SSSc@@GEQ_@o@w@{CMYSu@AAASYwAqAqCWMCGKIGUOMEC[[I[g@e@QOo@y@]]c@WIIEIi@i@]MGMEMOOw@a@GI[QIIE?aAk@MQc@U[Ik@c@{@WUQmBAi@N]FY@UFm@?_@Bk@Z[?c@DWFGCSFMGOO_@?QBKCM?SBO?SHCAw@Ho@Pg@K{@Gi@MaBy@m@m@CEBCN?JBf@Z`@JR?z@Zb@D~@BRI\GPC`@BTED@l@AZIPAtDBRDLFF?ROJAh@FFC`ABNEBCNCBBvABVHNLN@FBN?j@TDBF?t@PVNJJHBXPXZ\LLN^RZb@FDJLDLz@f@PRZPLNFNTXx@n@^b@JBNLb@n@l@h@PZHTf@b@JNDbAHFBNPd@Jh@Tl@\vARf@V~@Vn@x@dBb@n@ZXl@^VHNJXFn@`@^^FLXPRRNHl@l@f@ZVVJPRJ\b@d@b@BFCJBXLd@b@v@B@\t@nAlBb@b@JF`@d@PLpAj@J?DBZF~AFHBJ?LDj@EZKb@?PFlC@h@JP?HDDAF@JAZ@b@FDBPBn@RRBXLz@Hv@VZBVHPLTHL?LJT@JJD?^RD?h@RxAr@ZHNJt@XP@jAt@BJGPw@dAGDsApBu@`A]l@O`@_@d@EB}@tAWXQZ[\c@^_@PE?CBs@LGBs@Hc@T_@H[JM?YFc@B_B\kA?IEw@?sAIQ?SNe@?OEgAGw@SEEs@SUCe@OE?EEo@QYCYMKIMBKE[A{@LUBe@L_@BYDk@VeARi@PQDm@RE?EDK@w@TC?}EzAaBb@G?EDG?MFw@Le@BMBYBe@CUBYDk@Ag@Do@?]BW?a@Dm@?]BQ?KCEIGCGDGABCIB}@MwDAQDi@KM?UF_@?YDEAe@@_AJ_@Bk@LsAl@cA^WDKFE?IFM@_@TM@sAf@SLM@m@ZYHk@^_A^i@^kAf@mAb@OHK@ED]HED_AZM@GAW?c@Fo@?WDQ?g@JQCsANIDQ?ODm@BKB]@[F_A?c@Fg@?w@Nm@FYHw@Fs@Ly@ZgAZo@^c@NIDKBk@Vc@Vc@ZWHcAl@GH[VQR
21752485,진옥자전거캠프-수락산(수락골-수락터널)(JOBC),985.8,6.5,37.68222,127.059646,37.685851,127.069009,563.0,301.0,1.0,{x~dFwiofW@QE{@Is@IY?MI[FM@OCIA_@AACWIOCUEG@OIUCQ[}@KOK]?QI[Ag@Qa@Ko@D[M_AMk@Ue@Ee@O_@ECMSAOM]EaAOa@c@a@KOKGs@SMSKIUa@CKGKA[Q_@Ga@Q_@?O@MGOAW@CEKKGYe@e@gAQ{@@COUG[@ICG@IEGCMCEEUIQ_AmA
19460546,진옥자전거캠프- 수락산구간1(JOBC),2021.3,17.1,37.682474,127.093372,37.691054,127.085615,3684.0,1753.0,1.0,mz~dFq|ufWUMEQo@i@EAE@OAMFM@ECKSWIq@o@SYeA{@GSG_@MYGYUMAGMMWc@@WES?QAGE?OU@UKEQ?KFI?_@E]GQGMA[SS_@GEg@GS@UDYPO?QNGVOZMCQ?IGG@IJE@GKMCEEIQMPKA[He@T_@I]AWXKFIHE@ECKIQ@E@QLE?GJEACGGLE?a@[I?SHCBOHi@v@Mb@ATNbA?XDDJ@F`@L@DHB~@CVQ\EB@JMT]XIJQBMHIBGBCFE@QVYLAJGBCDEb@@l@HT@VFLARBNENN|@FJJj@NT@t@Qn@QRKJMPQ~@ALXlBFp@Cn@ENOTC@Q`@@F]n@OTEAEFCVS`@AXGLFV@`@JT@VA^DPHLBNAL@XAFEL?XK`@U\EL?`@ADUNKPUJM@IKQD
21703236,진옥자전거캠프-수락산(도솔봉-수락산주봉)(JOBC),983.4,12.8,37.69117,127.084576,37.69819,127.081225,3917.0,1939.0,3.0,yp`eFqetfWMWQOK]IEE@CDK@IGaAPa@J[XUDSJIHQFQCG@a@b@_@LODIGSAGDG?c@ESEEGKC[@IB?\OFUh@SPSVAFBRCTWJKR_@RMLKAQTGL@z@IJUDYEGESBMMCKMCq@`@]ZO^EBM?_@SABI@IN@j@GVATIPQNQFKCY?YOI?OFYBWJ]HQHG?IH_@Nc@Le@J
6931547,덕능고개-수락산/Deongneung Pass to Suraksan,3703.7,12.1,37.677741,127.092214,37.697857,127.081463,3517.0,1702.0,0.0,{|}dFiuufWIHI?OFg@EGDIAIDIAQHE?IFS@YJSBSA[DGCAGKGKc@]YQWOGa@A_@HE?SE_@MS?m@S_@BCBQFo@MOBM?KMy@F]G[SEOg@a@c@k@MCGIYGE@IGE?EGCKUMKCQQ_@?I@EDG@GGGOUIY]]OUYKCG?EGICOIY_@Ko@}@uBDEIJAAB@AABAC@?A?BIQAg@GYOO?IGMWCM@[Ic@COIQC_@[EKSMM?OEq@HO?OHEAYTALMVEBMGM?CAWFMIG?KSMA]JSBo@Jc@CSJONMFOLC?C@M@ICMDGCGDEAACG?YJ[O[D]RGZYZCXKNEPFnADJNDBJALBDH@DN?z@EFIFCNIP_@\IXEBEAEDEAG@UTSZ]VIN?HEPAj@DDAJF`@@V?h@ENLp@T^B`@V^D\?TAHGHM\SXKVEXQVAJ@\Lt@JjA?XKn@IPONW\GPD@?JC?CDMFEJY\CHONGLBJALDRBh@DVFH@F@NCPBJ?TDVAHB^GTHRIDYf@Cr@M^KH[JE?GCKSIHO?S`@QNELI@QLMd@CRGF[DIDQAc@JKFKB_@VWFICIL?HWJGCI?KB]\EAEBCB?HOHG?CEWIGG]@OCGDQCAEE@ACG?EE?AGCEDQBGLAC?H@JEHMNIX}BhAGJMJ@LC@?DKD?DFH?JILEf@Hl@Xb@I?@@?GUY?JKNU@WFACKCC@AAGAEYGDGA[ZSJQREPKJSIG?EEE?KGEAEEM@ADOHGL?LGJE^DJQZG@CC[AOGSBMKG?OJEBIASNGAKBM?UJKAMRID@DC@
21752518,진옥자전거캠프-수락산(깔딱계단입구-주봉-도솔봉갈림길)(JOBC),2214.7,6.7,37.694913,127.076675,37.692457,127.084715,326.0,125.0,1.0,ehaeFetrfWgDcA?j@A@@PCGEZEH?IKKIAEBOUCIEDAEBCGOKOCABA@CGADEQa@?IKGD?AEIIACRp@AQDKK_@BAIE?GE?JEA@CKGGSo@?IDK?GII?MEMUKJSEGMEAGBEG?ACR[EACWK[?IEICQW[AIEGIAE@B?HUJCBOI?GHEc@BEGS?YAC?BEBICAIIEBC@IDC?OCAAk@EEFDHIH]YQGMIGC?WOAKIGAWc@HMEKOIE[@YISNS?GCWAIBY?QGU?IOKAOKG@GF@C[HEDEAABD@@CXEDIB?\?R@FPHCTDLENALBNHNAFGH?B@JLXEP@PHCBHAVQ`@DNDEISBAJACECQ@IDUa@GEDc@F@LG^GJ@FEFI\EPGD?d@Rb@FFDP?RSCiABKFKRCRW@DTNL@PGH@NSDOJC?EHCBIHCLOF?BO@NHLHEJARJXAD@DEF?JI?MBEGk@J[BCLLD?FQLQPILa@DAH@JHB?FQ@UCGAe@@D\SF]\]CYDEL??GPDFEJBVEDBFAF@FHHBVZDCDDDABA@ID?x@i@PA@HHGHA@OAGGCJ?LEFEPG
21949232,진옥자전거캠프-수락산(덕능고개갈림길-수락산주봉)(JOBC),745.4,16.0,37.692572,127.084517,37.697705,127.081553,3965.0,1789.0,0.0,qy`eFeetfWOJG?OEGBQLEJOLULQAMK_@Gc@A_AIKJ?FBNWPSf@IHMd@Cf@SHKHIVURQFUGKLKp@?b@i@?KG[EGIKBUT]Re@r@UAQDMCKKM@IJAFIFA\DXFL?F_@RI@{@GQ@UGWBi@Vi@HK?
22376905,진옥자전거캠프-불암산(당고개역깔딱고개구간)(JOBC),348.1,35.9,37.666318,127.084548,37.666189,127.088156,96.0,63.0,0.0,mu{dFketfWBQ?y@DWAGCAAETe@CEQKGMDwBE[GYC_@QSAEBWAy@NoA@c@ZcAHSDQ
