segment_id,순위,이름,이용자수,누적기록,거리_km,경사,최대경사,고도상승량_m,시작_위도,시작_경도,끝_위도,끝_경도,경로,도시,주,국가,위험표시,즐겨찾기수
8553131,1,만의골 애보 언덕,2780,48325,0.8,4.2,16.3,37.3,37.44581,126.764304,37.451971,126.76883,ispcF{sudWcD_DsB_BWK{@WmDaAq@Uy@a@cC}A}@q@y@g@cAcA}@s@qAiAaAw@w@y@,Incheon,,South Korea,False,20
13529134,2,소래산_800계단,343,1204,0.47,33.3,43.7,157.9,37.450634,126.774668,37.451803,126.77867,mqqcFstwdWC]Ke@Uc@CWWu@e@w@E[@_AMU][Ym@@]CcAMe@VWUWe@GEKBMCe@@wB,Incheon,,South Korea,False,8
9405407,3,소래산 업힐(김재로묘~헬기장),126,260,0.64,14.3,29.5,92.9,37.447825,126.766231,37.449311,126.771596,{_qcF}_vdWSYOe@Bm@Kk@DcATg@Eo@@uAAKLSB]Py@HKJCNo@DACeAMYDi@@y@c@QMKeAa@g@G]Yi@o@}@{@o@aACU,Incheon,,South Korea,False,1
23169249,4,상아산-김재로묘 입구 Holic,31,62,1.38,-7.5,15.1,16.1,37.454259,126.765535,37.447715,126.765844,ahrcFq{udWCFB@h@HN?NDHXHJt@ZLLHPBhAF\R`@RNXZ^XX^^\d@H^VhATHFPCTLTBlAvArAX\@XRTHJT\^XRHD`@FBAJMNEp@cB?IHMDSHMTq@H[JIDQPYj@i@^sACUYe@EMM}@Ce@DuAb@Uf@CRLd@HRAbANh@Ib@N`Ap@TA@UMQ_@]_@Si@SgAUAC,Namdong-gu,Incheon,South Korea,False,0
37760515,5,은계호수공원 400m 전력질주,833,49810,0.4,1.2,11.7,9.62632,37.44409,126.80774,37.447141,126.806493,qhpcFkc~dW_Bm@m@Qi@Wa@OSCQBQTqAnAs@p@SVSb@_C`BQTOT,Eunhaeng-dong,Gyeonggi,South Korea,False,3
38778483,6,소래산  uphill (내원사 - 정상),50,154,0.98,24.1,49.1,242.6,37.445527,126.781688,37.452065,126.778767,oqpcFo`ydWEX@f@K\EDSAYH_@CUMYIa@?[EW?UDg@t@_@NCH@FEJWFMHQREJ_@RALKHSVM@GFWJQ^KZALKBKFAD?HQ^?FU?IB?LIRMXQJEXOJOEG?QMa@CKKQ?QCI@MC_@TQAIBIJKBSJQNEJi@d@MDOAMDQ?KBIAQMW?WAA@MEM@SCIGACWKOOQ?OOWC,Sincheon-dong,Gyeonggi,South Korea,False,0
37760497,7,은계호수공원 중앙데크출발 5KM,338,3431,5.03,-0.0,49.9,153.341,37.444939,126.805356,37.445524,126.808142,ympcFmt}dWPa@FGb@ALIN[hAwBVk@^gANYJc@R_@DQ@Q?IECSLM?KIQCqAa@eAe@sBu@I?]VcA|@a@d@y@p@[h@SLk@l@_Ar@OPO\M~@AdAH~@Tt@p@l@j@PvA?LHZ\H?^G^Or@e@l@q@RYN[LOLEd@AJEHKpAeCt@yBr@kBBSAIIAYLMAeAa@UKkAc@a@Ky@_@e@KWFKPaCzBW\O^GH{BzAQTW`@GZKfAAd@N|@`@z@VV\RVHl@Bd@?LB`@`@HDb@K`A_@x@w@v@mAJK^INABCHQX]R]Ri@d@cAp@oBXs@DY?SCA[JUEcBk@mAe@a@Ko@Y[GUJqAhAq@r@YP_@h@c@\_@^s@j@e@f@KXQ~@Cj@F~@XbARV`@\NFz@Ld@ER?JF^b@H@TEbAc@VSb@c@bAyAJEb@ENOf@y@J[T_@t@gB\kAZu@BO?SACGAIBMJQ?kBs@kA]mBy@IB{@t@eAbAe@^e@t@g@^o@n@]R_@\MZSlAAt@Db@XfALTRXl@VVFZ@d@AP@JD`@^HBTEpAg@XWr@aAZi@NGd@GR[r@kARi@T_@f@{ANq@`@s@BSAYI?WL]GmCy@oCeAE?IDYX,Eunhaeng-dong,Gyeonggi,South Korea,False,1
37760520,8,은계호수공원 중앙데크 출발 한바퀴,685,33590,1.15,0.2,44.5,27.0951,37.445143,126.805077,37.445078,126.805246,copcFur}dWj@{@Pa@HE^?LIN[hAwBVk@^gANYJc@R_@DQ@Q?IECSLM?KIQCqAa@mBy@_A]QEa@XcA|@a@d@y@p@[h@SLk@l@_Ar@OPO\Kj@E~@@XDp@Pp@JTb@b@PJ\J|A?LHTXHBd@Gd@Sl@a@t@{@,Eunhaeng-dong,Gyeonggi,South Korea,False,2
37760503,9,은계호수공원 중앙데크 출발 10KM,102,407,10.04,-0.1,49.9,304.119,37.445143,126.805077,37.446153,126.804823,copcFur}dWj@{@Pa@HE^?LIN[hAwBv@sBLULg@Vk@BQASG@OJM?KIQCqAa@mBy@_A]QEa@XcA|@a@d@y@p@[h@SLk@l@_Ar@OPMVKh@GlABp@DXH^L\f@f@PJb@JvA?LHZ\N?XG^Or@e@l@q@RYN[LOLEd@AJEHKpAeCt@yBr@kBBSAIIAYLMAeAa@UKkAc@a@Ky@_@a@KO@KDKPeC`CSVSb@_C`BQTYf@Ij@I~@@`@Fd@Zt@JRVVb@TTFvABJFZ\HDDA~Ai@x@w@v@mAJK^INABCHQX]R]Ri@d@cAp@oBXs@DY?SCAUJK?_Bg@aBo@a@Ku@][CeAz@mAlAYP_@h@c@\_@^s@j@e@f@IROt@Gz@F~@XbAVZf@^`ANd@ER?JF^b@H@HAhAc@\Wf@i@~@sAJEb@ENOf@y@J[T_@t@gB\kAZu@BWAOKASNQ?kBs@kA]gBw@IAaAx@eAbAe@^e@t@g@^o@n@]Ra@b@KTSlAAt@Db@DVNh@PZRXl@VVFZ@d@AP@JDd@b@PAtAi@NKNMr@aAZi@NGd@GfAgBRi@T_@f@{ANq@`@s@BSAYI?WL]GmCy@kCcAIAQLaBhBk@f@o@~@s@r@aAp@YZIPKVKp@El@Dh@Rv@JTd@n@RLd@Ld@H\AP@NHTVNJZSz@_@TQl@i@dA}AHEZ?NKnBmDh@mB^}@BOCWAAI@IHC?UKkA[]OSE_@Si@SyA_@IAWLa@f@k@d@aAbA_@t@a@Tg@d@]RYVUXQn@QlA@b@Lt@HVN\VXTPVJ`@HlABLH`@\l@Mz@]b@c@nAgBh@MFEx@mARe@PW`AsCVk@Ne@B_@CEc@L[E_AWmAg@]KQKo@Qe@SIAC@YX[TUZmAdAY\Wd@iBvAa@b@U^Mn@Gj@@~@D\Rr@Zb@XRZLLB|@BZDPHXZJDjAm@NC^Y^_@`@s@T]NEb@@LIz@_BN_@P_@|@gC\w@HW@UCM_@NOA}Bs@aDkAOCu@j@k@l@OTs@l@KJIVMNq@j@m@l@g@^W\IVQtA@h@Dn@Nd@^h@`@Vd@NTDl@AN@p@f@DBF?tAm@\Yb@e@d@u@PSLGT?PETYd@w@hAgCTm@FU`@kADWCUGAWF[Cu@[[E]O{Ag@qAg@YNUZeCdCQVi@b@mApA_@\OVELOnA?r@Jp@J^HLNRTP\Pj@JhAH,Eunhaeng-dong,Gyeonggi,South Korea,False,0
37597939,10,은계호수 5k,339,3711,5.03,-0.0,7.0,47.6,37.445797,126.804553,37.443904,126.807756,espcFmo}dWJ?RKRQRYjA_Az@cALKd@QLOp@iAb@aA`@eAXcAh@qA@QAIMMo@Mk@Si@Oo@KyBs@]Ci@\sAlAsBzBeB|AWZQZM^ETGv@?TJr@J`@Pf@d@d@p@XZFz@@NFb@XPBXCjAg@TSrAoBNIf@GTSv@wAXs@\eAjA{CBWAKKE]Au@QoFeBQ?g@X_@XiBlBu@|@iB`Bc@f@Q^CRKfBHx@HTR\VZPNr@Zj@Jr@Dl@XP@TE\Kv@c@`BsBLKd@MLM`@s@z@oBt@yBj@sADUCKKE]B]EoEeBy@WK?YPu@j@oAhA[Zk@v@y@x@s@f@g@n@CJM~@GhABZFb@J\HLf@l@XPf@L^Dl@@TJf@^PBPCLE|@k@z@cAZi@PUp@UJM|@yAd@cA~@wC\}@BSGOIAY@_@EqBw@_DaAO?c@NUPo@x@eBdBuAfBm@b@OTQ^GZKhALvARh@FJLRZXd@Tp@Jt@Bh@\NFZCj@[x@q@rAkBNI^GHGX[\m@j@uAx@aCf@kAFS?SEGWAw@M,Eunhaeng-dong,Gyeonggi,South Korea,False,1
29574647,11,노온정수장트랙,87,2926,0.45,-0.1,30.9,23.8,37.447061,126.856795,37.447021,126.856813,c{pcF}ugeWR[@IBw@Qi@_@[OCO?M@i@XoBdAQPMRGNCb@BZN^VVTFb@CNE~BmA\[,Gwangmyeong-si,Gyeonggi-do,South Korea,False,2
25835569,12,구름산 → 가학산,195,316,2.16,-0.5,31.8,129.5,37.440427,126.86627,37.428005,126.867395,sqocFeqieWPJHHNFR_@VMNO@NLHH\XFLEBXAJJFAM@@JH?HNFCAVE\NNNDAXBP@DEH?HIHACLNBb@i@LCNHNDBIDAV?JFJ@PCN@\TX\JBBJH@^l@CRDBLDFDR@LOLCN@TNLPR?PEFM@MBEPVVCR^BNTR^CFBZAXSNJ@n@FL?FDDTDPKXa@`@UBMFRHBDPVTD?HKXm@XU\VBNFF?FXJVEZUHO@?P\RNFBFAD@?CKf@E`@OHCPILEN@ZCb@CLGLQPIT@NJFFL@LHPINAZC@@DPD@WDEFUDEDQPYF[DEFM?IDGJg@LYZIH@LGLALKDYNKBK?CNo@P]?MBa@HETe@@SDUCOBMPOBG@IAKKOFQJKFQRODIRGDGRQPCPIPKJAF@TML@v@QXBPSLAb@YJS\]KI@IE]A@CI?QC@NMb@MDg@DED?TLJNZ@`@JVSDIVUTAJE@Fb@LXK`@?@DH@ZT@HLPAN,Gwangmyeong-si,Gyeonggi-do,South Korea,False,2
25835560,13,가학산 → 구름산,92,248,2.12,0.5,48.7,143.3,37.42801,126.867419,37.440442,126.866254,admcFixieWKYSOMGKAa@@OFKIKAEEUBQAY@KJSHQNGBM?IEi@Ia@WKDCFAPFn@Eb@IXKJCHYb@MRIFY@WHUEKDILGAw@XW@WFIHc@RIHYJMJI^CPFf@?LAHIJUHGVBJE\Wp@AJBHSz@OVAJQNIXEBC@GDM@KFGAQJQb@?HGTQRIZ_@h@Oh@EKIEBSESEQWc@P]RgAFi@Xi@HqACCMDOCKOGUG@CD?DGNg@RABWIc@}@IBULETKTQXKDIESUSk@I?KD?F]p@QLM@KEE?Oi@Ag@KOM@KPKBO?UJKCKSYUEAEM_@GGEMUKV[Nk@WQGKTI@G?KIM?GO@IO]EIKAGGDI_@OKQWMUBGCSBOCMIc@C]MG@ILOd@QIAICCAJq@Bi@Uc@I]FGG?KIEIB?MBICMBME@?CIBIJGAKS?IGI?OGDAJK?GFMBKLK?IDGGQ?IM,Gwangmyeong-si,Gyeonggi-do,South Korea,False,1
13207059,14,광명동굴 가는길 동측,72,346,0.86,12.3,28.6,108.9,37.430166,126.875072,37.425465,126.870901,oqmcFehkeWPr@`@x@@X?VEr@OR]TMLGT?h@FRZ^n@f@VVh@pALp@`@x@LJpAVf@V~@Nd@Nj@DfAPH?TMNQZo@PGVFz@j@bAJf@RNNDXCp@DVNTR@TIf@m@,Gwangmyeong-si,Gyeonggi-do,South Korea,False,0
25835577,15,가학산 → 서독산,102,137,1.14,-0.5,31.5,72.4,37.427902,126.867383,37.42262,126.872033,kcmcFcxieWh@[DF^@NLL?JKVERAHNLBNGNONB`AAVOVCNMVJFKHE^o@@MCg@Jq@BEh@Q`AKHKRi@FeBE[EC?SQm@?YDEN_ATc@HGDUAOBQCGMCOIDOHKPG@BP?JFLN`@JTYDOJBLTTh@N?HJNB^CNOXOD@ZK@CTGLKH??VHVZ?t@Md@YTn@NPPB?SIOE_@A@IW@GCGCABMGG?UMC@OQKDKQBIAQI?c@IQ,Gwangmyeong-si,Gyeonggi-do,South Korea,False,1
25835548,16,서독산 → 가학산,44,85,1.1,0.5,31.4,78.3,37.422561,126.872055,37.427886,126.867364,_blcFiujeW?JNXHBBFF?FDNT@TFFCVAZFHDZF@FP@PBBEF_@w@ICQDUPYBKH[JKKEMKEMBIFKBU?YDCDYFMNUBOAGOCCIASc@KIG@IHc@Tu@OGEMMWACPZ^AJKP?HMFQv@Q`@?VET?DDHDNBb@Fb@Gj@FXGT?^IVGHKDu@F[HCHE`@EFAf@AJKXCNMVOJCFQDMKO?g@VKAQBMCc@HOHYIKKICMBq@\SAIBYCCIG?OGON,Gwangmyeong-si,Gyeonggi-do,South Korea,False,0
6280517,17,Segment,273,345,0.74,12.9,40.8,97.3,37.434155,126.903359,37.435798,126.909759,mjncF}xpeWIs@B}ABs@RqCKq@Em@Do@?s@Hq@^_BCSCmASQMUSWg@Cc@KWM[CKDg@@_@KOBY[M_@JWFi@Di@Og@?[OiAIU?U]k@,South Korea,Gyeonggi-do,South Korea,False,1
17138730,18,삼성산 시민 휴식 공원 #1,14,202,0.28,-1.2,14.6,9.4,37.454817,126.910413,37.45478,126.910404,qkrcFaereWA?Je@NQJUP{@A]EGGCGAGb@q@dAUj@STMFAHBJXZF?PCJIPOBO,Seoul,,South Korea,False,0
34729007,19,삼막 업힐 ,102,438,0.38,22.0,49.5,84.2,37.425042,126.912295,37.427277,126.910021,oqlcFypreWk@\E@EE@Fn@p@_APe@TED@ZI?GDW@EA?EEAABCGOMA?OFCXGAGZIJQCEDANGN?JQ\EDAVCLS\Gb@E@ATQPGNIDE?i@OMHK?,만안구,Gyeonggi,South Korea,False,1
34410820,20,대림아파트 공원 >> 관악산 둘레길,17,35,0.54,19.6,48.8,105.2,37.431023,126.905993,37.431846,126.910947,{vmcFmiqeW?EOK?IDADOAOEGAG@MGWAo@LUH[JOF]AIBIAOHOBQNUL]@UCK?QIk@IOKc@?CFEIWAAHMIHMC_@YA@EACGAGFMAI?KFQEG@GMKEYKEGOKOE[EEOe@MOAIMMGAEKGW@IKY@MAA?Y,만안구,Gyeonggi,South Korea,False,0
11890967,21,삼막사 주차장-철탑 (런 1회전),191,760,6.68,0.0,41.3,529.0,37.437028,126.92402,37.437153,126.92421,k|ncFczteWm@Sc@UaBoCOw@G_AMo@o@}Ai@_Bk@cAK]g@mAuAkCm@}AMk@Ug@EUUe@Ci@Am@@G\?`@XXZp@h@Vf@TVPPPDRA\WZ@Xr@T\LJPHx@Jd@APQXk@Ng@V_@n@Un@c@DQEm@CaDIk@EsAM_BSe@gAeBOa@@m@R}@Hq@J[Bo@[XG^q@pB?PLdA?l@O?ACSs@Gm@Fo@TcADkAIg@Gk@^aD`@_BNMb@LZR^PLEVWVc@CaBBKR_@d@A`AJr@^fB~B?W_@{@@q@UuAG}AUi@WWMIc@Me@A}@aAe@SmANq@?g@Ec@Oq@a@J_@l@ANKBeBPk@BGLGd@EJSV{A@eBRc@RHJbANn@XMJm@Zs@^QX\En@GTEl@`@r@SMQU@g@Ha@Jk@AM?EOYMAQLUf@WzAWUa@uAOMGb@Dh@QjBSf@e@HIFSh@GxAYZg@AS^ZZj@Vb@Jd@B^Ap@KV@h@R^V`@Tf@F\Vb@NXd@D~ARhAEn@@Z\z@Hn@a@M_@WSg@[a@c@S[_@a@Ge@EULOh@DNBn@ETOPa@\e@Dm@a@_@?]d@Oh@SbBS`ABj@Jh@Cp@MfAUf@CV@H`@`BXFS{A?Ql@mCJ[X?Ql@En@Mr@CZJ^v@jAj@|@Lf@DpCNnBCj@?rAHj@Yb@yA|@i@rAMT]VaBAWGEEMSOg@Ya@_A`@c@I]_@g@aAg@[_AkAa@BEj@FNZ^FLbAtAd@dARn@Z`@BLXd@Xr@Ph@d@~@`@rA^x@p@rB@r@Ft@Rh@t@z@Rb@L`@Td@f@T,Anyang,Gyeonggi-do,South Korea,False,11
18377335,22,건설환경종합연구소-연주암,635,1007,1.61,23.1,49.6,371.9,37.447224,126.949625,37.442077,126.964391,c|pcFczyeWJ?b@NDCBE@WEi@Ba@Ja@AORe@`AqATc@H_@?GGO?IIk@?}@AKTs@D_@AM@UEm@?CLEx@sAFwACm@PmAXiADm@Hk@`@kAJaALg@Bc@Gg@HoAd@eBE_@@k@HIJk@Jc@JQ?UHC\k@VOLChAu@HY`@[f@k@\EVqA?QPyAHUPa@J[VSZDHDBKB[?QGM@OJo@?_AFk@@m@LK?OP[Ha@Ri@Bg@RS?eALGFQBw@La@?K,Seoul,Seoul,South Korea,False,5
21920281,23,진옥자전거캠프-관악산(연주암.연주대깔딱계단)(JOBC),2695,4963,0.25,26.1,49.6,64.4,37.442973,126.964769,37.444952,126.964078,qapcFwx|eWw@p@[R[?UAULc@D_@GK@GNWd@_ACQH[@QE,Gwacheon-si,Gyeonggi-do,South Korea,False,3
21780875,24,진옥자전거캠프-관악산(낙성대구간)(JOBC),1686,3314,1.2,15.1,48.7,198.5,37.451958,126.967995,37.445418,126.96444,uyqcF}l}eWbAY|@KhAs@R[n@cAL@HALGLKR?t@_Ab@c@lAw@^MLAv@Fr@EHLVNb@MRFb@Gr@@LAL@P\HBf@FHDX@NJDFE\HRNJFRDVHdB`@`BFf@RHFHFVDHJBHHFXLPHf@?ZLRIA@B[rA@PEPIFS@EPDJJDHXJJFPDXHRZ\Nf@Df@DPp@\JJFJ,Gwanak-gu,Seoul,South Korea,False,2
12276391,25,SNU engineer hard uphill 600m,444,1374,0.65,10.2,24.6,66.1,37.453363,126.953617,37.447874,126.95209,obrcFaszeWVHp@ZXPvAf@fAh@VFbBr@dBh@~@b@f@ZRBvBCd@@H@PCXDj@@HCd@@RBL@v@ETER?RB^C,Seoul,,South Korea,False,6
20091476,26,진옥자전거캠프-관악산(연주대깔닥계단)(JOBC),1427,2439,1.13,22.2,76.2,261.0,37.444605,126.95877,37.445045,126.964149,wkpcFis{eWLHLADSLW?KDGPCTIPYGU@EDABBND@ID?JF@IDGJCLMTBL?BBF@?IGO?UJ_@AW@SFSHIECJQ?GFEAIJMD_@HGB@FCBQPIPGLL@WF]GADQKB?MTw@GAF[CI@EAE@e@D]IKEY@E`@]DKNKLe@HKBOAO?FAG?GHWLOBMGm@\s@GQ@KEWAYIQAKW_@MK[GYJ[DUCs@Dc@`@a@B]J[AOB[XG?KKEAIJEJ?Z@DCHKEKFQ?CNQEMQM_@MAEBQ?UE,Gwanak-gu,Seoul,South Korea,False,2
5125219,27,Segment,312,512,0.31,16.8,44.2,53.7,37.444852,126.968142,37.447067,126.969396,impcF{m}eWQBKN?FK@CMK?[]K?WEKBKHSBg@_@c@GSYOIK?GIWMU[YUMIMSCMECG[IKOI,South Korea,Gyeonggi-do,South Korea,False,0
11960084,28,삼막사 주차장-철탑 (런-내리막),242,936,3.37,-10.1,34.3,88.2,37.436081,126.939809,37.436748,126.923966,ovncFw|weWHNRXABWa@Ee@TkA?_@IWc@JABITO~@[XGe@YgAW?El@AjAGp@Mj@{@XEJOj@ApAQ`@EBo@CMb@f@\XJv@Il@?~@KL?dAp@Z\t@HTP^ZNf@h@zDCp@ZrAAb@wAaBKGi@s@OIiAMS\Cj@?n@c@r@KJQHM@OGW]a@GY^MZQp@QzAMh@Cn@Hl@UrBWbAAn@Fj@Pj@P[UyAF]Ri@Hg@La@R_@AfAIfA?XLl@L`@dApBLb@HzA@x@NzA?t@NrBKb@a@T[ZYJOLUr@e@t@a@Pi@ES?SAWOYg@Qk@WQa@X_@L_@Oa@i@I[We@uAaBc@KUd@Dn@Jf@r@vAXd@~AbDl@bAN^XbAh@nA^jAj@hAPf@Hl@@n@Ll@Tj@h@z@Tn@V\NLdAZb@X,Anyang,Gyeonggi-do,South Korea,False,2
25835690,29,무너미고개 → 학바위능선 → 소머리바위,246,321,1.74,18.6,30.6,342.7,37.439055,126.947938,37.440937,126.963391,aiocFqoyeWIq@Fc@Tu@NQBWHY?KAK@EBW?mAWe@WSCOCAEKIs@?GF]AYFABCFW?]LKEUBMa@UGKHADCO]GSGEEYSWOGCGGCI?IO?GDC?IECI]FYD@LC?GOAIOCGBMFEEOGEJCN[MUMEAGDC@U@CGE?E@CNBGU?SBAFBBGPMFKASDIBU?MDGBM?UDAAKBIFGB_@CSDQAQL[AWHe@@eAIk@?OKa@@GQ_@Kc@HKMe@FWAUS]?M@WKcABQEMA]A@BMGWEEAa@[e@O@KJKAGGQAc@]MQIG@ESWM{@IMCc@Ko@@a@CSSg@IGCIAQDAF@PIBEJk@AW@KAG@OEc@CKDYCa@HeACS?m@EM?KCGA@CCUu@GGEOCiAGU,Gwanak-gu,Seoul,South Korea,False,0
6439630,30,Segment,123,259,0.67,12.1,25.7,81.3,37.447599,126.925422,37.446371,126.930513,m~pcF{bueWqAs@c@e@g@[s@_BOu@?y@Xk@@y@SkDJw@^i@rAq@l@Gf@]pAo@nAy@l@cBf@Y,South Korea,,South Korea,False,1
8356449,31,관문운동장 400m,2697,497487,0.42,0.0,2.9,0.0,37.441083,126.996586,37.441057,126.996573,wuocFs_cfWd@GZe@Ds@Im@c@Yg@C{BDg@F[ZMp@Ll@Z\b@HhAChA@,Gwacheon-si,Gyeonggi-do,South Korea,False,17
7176502,32,서울대공원 Loop,1467,22463,2.1,-1.5,19.8,11.8,37.431253,127.009811,37.431391,127.009886,ixmcFirefWJGRGLKFQV]L[Cg@Ha@P_BH[NwAn@_D^cCB]`@qBD_@|@mCN}@Ao@Kk@Um@QYG_@Ws@I_@_@u@OQo@a@MAsAF_@LcABy@Nk@@WBu@Pq@FcBF]Fo@Ra@PwBnAw@n@KJORO^o@jAu@fBKLUj@W\i@lB?JGRWj@BZPj@X\x@x@LPj@f@\RlCbCvBtAr@ZH@x@`@~@^j@Xf@JVLj@PtB\BH,South Korea,Gyeonggi-do,South Korea,False,23
21920176,33,진옥자전거캠프-관악산(과천중학교-등산로입구)(JOBC),221,372,0.43,9.0,28.9,38.3,37.43358,126.989513,37.433909,126.985191,{fncFmsafWHh@Ch@BlA@Fj@h@JPBLGz@Kn@Ah@Dx@Hh@@pASvAAXQz@OVa@^Yf@OP,Gwacheon-si,Gyeonggi-do,South Korea,False,0
7176429,34,서울대공원 Loop,150,1430,2.39,-0.2,32.4,22.4,37.431535,126.998794,37.433316,127.016606,azmcFmmcfWZwBCC_@GO@QCGBQVa@D_@GYA]EW@QE[Da@EYBOGGIG_@GoA@oCFyAC_BB_A_@iCLg@Di@FsACm@Bi@Ia@GOg@_@s@q@OYAQHWd@q@Zw@t@wBJo@v@yBp@mAZgAb@aANk@PYH_@f@cBN[NQX{@HMZSREP?RSRGLKFQV]HQBSCU@OFYP_BH[NwAn@_D^cCB]`@qBD_@|@mCN}@?WMcAUm@QYG_@Ws@I_@g@aASOc@WUCc@Fg@@_@LcABy@NS?o@D{@Rk@DcBFc@H,South Korea,Gyeonggi-do,South Korea,False,4
26678746,35,진옥자전거캠프-청계산(대공원등산로입구-과천매봉-대공원)(JOBC),69,154,4.39,-0.1,50.0,366.9,37.430087,127.005813,37.430209,127.005792,_qmcFiydfWZKRQh@ITQJa@AUJ_ABKb@m@t@g@^QHAd@FDCPS@EFM?MHYNWL_@f@cAVaBF]FI^KJ?`@Gh@ANAFER[FUb@y@HaANk@De@Ga@?QHUR[RMn@AFEDa@FSRWFYPQl@_@^K^[XORU\Md@Cd@Mx@g@Vc@h@_@TGVUDCh@?J@VLZ\RN~A^V@vA[p@?d@BH?ZQPOLQHAr@Fb@GN@\PJ?FHLHBAAA^I~@RVEZ?HCXYHEf@CHGf@c@FI@IROREb@AVKTAFCN@FIHCv@Af@QNRb@JTLVDPJHCJAFCX?b@C`@Dz@?ZF|@BXI\AVOR@JCb@ADBFE?EVC@CF?BMHEZAD?NJBAR?VV@DHBAB?EKOI?GDQ@KSICG@[Li@^SBWAIEK@IA_@Nc@B]H]Bi@U{@?YGW?]Fc@TOGSUMC[QU?SKGIm@PO@UCQ@YPGAe@JQLSCO@YPIJWPOFQJc@Fm@j@G?GC[TOOWECEIASFKFGAIEEKI?MMMGa@Ds@E[HcAf@aACUCu@?k@Tg@LI?a@Sk@ASCWWU][M[?WDWNUJSLOFUTw@l@s@\I?IKKBc@VYXsBjAk@n@[~@GFIFY?WNOVKX@h@WdAOhAq@vBKFQFmBFMDM\GdAMh@Oh@]j@Yj@Qr@QXKFQ@ME_@Do@^s@bAId@GNCPMj@S^GDe@DSNSDQFEACK,Gwacheon-si,Gyeonggi-do,South Korea,False,1
21132685,36,양재천 육교 - 과천대로,1976,18731,0.81,-0.9,0.8,0.0,37.43882,126.994783,37.445657,126.996772,sgocFktbfW{AjAMDoADc@IKGYW}@o@i@[e@U{AcAe@Wu@_@cCq@]Qo@Mi@O{AOaBHkA?y@D[GoDsB,Gwacheon-si,Gyeonggi-do,South Korea,False,0
21132695,37,양재천 관천대로 - 관천교 ,3202,29340,0.51,-0.0,0.7,0.0,37.445657,126.996772,37.448976,127.000534,irpcFy`cfW@A]a@yBwBy@aAMSAa@Q]a@Yo@_@uCgAm@]][kAwB_@{@Iq@B[,Gwacheon-si,Gyeonggi-do,South Korea,False,0
21132649,38,양재천 중앙공원 - 별양교,1520,13340,0.51,-0.3,0.6,0.0,37.43051,126.994075,37.434098,126.99728,usmcF}obfWKGUYs@o@g@q@{@w@QWgAk@sA_A_@a@q@i@eAcAwBiB}@o@UW,Gwacheon-si,Gyeonggi-do,South Korea,False,2
15153144,39,관악산 과천교회 > 산불감시초소(업힐),35,84,0.76,22.3,49.5,170.4,37.435106,126.990981,37.438186,126.985191,kpncFs|afWBR?JS~@KJGVIh@AbAKTGZ_@x@Ml@INEReAt@QTGA_@FMAMB]GQAe@Hc@Lm@@MBaAFaAVUJUXI\?h@ET?f@@HUj@CTHVLHF\EZDROj@@FPPCHFTGN@PLV@l@JTD@,Gwacheon-si,Gyeonggi-do,South Korea,False,0
31175534,40,진옥자전거캠프-관악산(시청-문원폭포Segment),132,159,1.03,14.1,31.9,140.773,37.42529,126.976518,37.431729,126.970735,_slcFeb_fWKI]I[@IEGOW@WCWSE?w@He@Va@b@o@hAWp@a@d@O`@EDANLj@AJITEBI@GHS`A?b@U|@CR]r@MNIB?JYPEFE@EJKJQj@Kn@ILKXKHAHMHGV_@XYCy@ZGH?TQXGNSDG?YTG@ECE@]COBGAWDOIM?GDK?EECA[RKP[NCFEBGAQDKFGLSPCR]j@I?ID]HGC,Gwacheon-si,Gyeonggi-do,South Korea,False,0
22116933,41,TRB-청계산 깔딱고개 버티컬,2562,4773,1.02,19.6,49.1,206.8,37.434362,127.044608,37.42896,127.044531,wkncFwklfWFULKJODMPIDOHGFIJaAJMLe@@OHMFa@HS?OHSGM@DAEFDCGL?JDFEJ@HCDFJIL?@BF?BCLCBCF?LG?BJKD@FCJATUPABGACHGBMHIFYFK?IB?BO@AN?BEAI@DJ@LHPDDEPCB@JAF@NGBGlAAJGl@@HD?[Ld@LHBHFFLDDFP@NJHTLBLJNBCF@BRXF@DF@AJF@BHD?BJDBHJH@DB?LJBA?G?RLL@BF@BA?CFCCHBDHDBC?HB?NLAJJF?N@G?BFDAf@BJBC@B@v@BLCl@AN@XP\,Seocho-gu,Seoul,South Korea,False,5
16081901,42,to the false peak,1394,2161,2.04,21.5,50.0,439.4,37.442637,127.053345,37.429023,127.044943,m_pcFkbnfWPh@F@\GhARPFJ@HGXYFGHAv@NVBX\ZTN`@h@NZn@FFRFFJXLX?ZNJJf@r@Tb@JFZJXf@JEb@BLJTf@P@JBF\?RDLLBNLNGPULIL@r@c@JDVKJ?NFNM@FFBPCx@Jz@Rb@CJCN?FBJED?JBDFPH^I^MH@BIPMBOVWL\HDFITKFIP@FKLG\ERDHFFLNn@H^Bh@Jj@Vf@RRZz@B`ADR\l@RPZ|@t@b@Ff@B@DCJd@TTLTFj@d@RH?HFLCFFB?DJDAD@BJF@BDHCLR`@CXBFDLGL?l@QXA|@Sb@Df@b@VNNBLHz@t@FRRX`Ap@RVR?LFL@d@t@DLJJCj@LtACJA\,Seoul,,South Korea,False,4
6924327,43,매봉/Maebong Climb,650,1165,3.83,13.1,1000.0,0.0,37.451072,127.043167,37.428917,127.044697,etqcFwblfWLOFA\YJ@F^DFBTHR@PH`@Bb@ZrAZx@Jx@Th@PRHTNx@Fp@APKTJ|@LVVZPn@d@x@Lb@LPXrAJNFP@RCb@@Rd@l@PPZNDHTJBFh@TLBL?PDLAFGJBF?d@Ud@AZLHET?RHR\D?ZKFOPMVGLGFI?EDM`@m@TSRELIXIPKl@MJAHDn@DFHPBFDXGj@DJFL?FBb@j@XNHBd@@F@JCLDNJJ?X`@JR`@^v@XH@FAFBHEJBZPHAFDPPFAFBF?FTJB?H`@\BF@JF@NT?@HNAJBJDBABBHf@l@BFJHLTZTLA^B^CF@TGl@ALIXATUv@UhADHAPIXW?UBC?KHUViAFM\[HWTSFSF}@Ce@DQBYSsADU@a@Rq@Hs@EgAMu@?QL{@FQN{@@WVeARWH?x@M\ONSTQHMRm@DYVi@Xc@r@w@FMJKTY@IGUBa@`@CVKJAFDL?DEVq@@E~@gAJWNKHS^MdAg@d@Ep@WH_@JGLUTMBGFEH[?KDSDOJKNYF[AIFKAUJc@B]BEh@QFEPBLG?@FAL@BE@@HEJIJ?HGNARINMHCLUFCBIFC@SLWDOFEPAj@BXET@XKV?h@EB@RIf@Av@l@r@THH\LJHV\`@XXXHDRZ@FJFJ@LPZNX^D@AP@XFJ?dAAHBZAB?PJ\JLHB,South Korea,,South Korea,False,2
26504777,44,진옥자전거캠프-청계산(청계산역-진달래능선입구)(JOBC),1107,1897,0.59,8.4,34.1,49.5,37.445086,127.057296,37.442293,127.052448,wnpcFa{nfWBBDIYQbBpAj@Z^NFTFx@HLD^JdAXp@Nr@Zr@d@pBLTn@t@n@jAb@\f@v@Rh@X|AL\,Seocho-gu,Seoul,South Korea,False,1
4278178,45,Segment,1739,3242,0.54,17.0,38.1,97.3,37.426218,127.04191,37.422971,127.0429,yxlcF}zkfWfAKpASXIZ@XEJIBG@GCC?FEBc@VCNFRL?HJF@VAJHJ?JFF?XRDANNJDNEXFd@?HED@b@MJADEHCLKNWHCAEFGJEVY?[@GBCLE@G@EEQF_@FOAQBE,South Korea,Gyeonggi-do,South Korea,False,0
26492636,46,진옥자전거캠프-청계산(쉼터-옥녀봉갈림길쉼터)(JOBC),1646,2759,0.96,25.3,49.5,244.0,37.438545,127.050781,37.432082,127.047278,{eocFkrmfW@RDDJDVARUJA\OTGDGHGZGZ@LEDDPEp@Zh@DPFh@?nAQNBJLT@h@S`@g@FCFAFE\TJMNEJA^YPCHBd@ZZz@FZJhAZz@RXJVH^Bd@Fh@Xn@VZ\h@JHJ@LPFP?DDDH\^b@d@bATLXBBBF?NNJCHPLLD?DCJAXP,Seocho-gu,Seoul,South Korea,False,0
19436144,47,진옥자전거캠프- 터미널구간(JOBC),569,896,0.34,10.6,51.0,36.8,37.448591,127.03766,37.451289,127.03663,udqcFk`kfWc@]SC{@VQGOEs@J]d@IBWRQBQJk@PS\GAIJq@LWPE@KPGBM@OPOFGA,Seocho-gu,Seoul,South Korea,False,2
26779129,48,진옥자전거캠프-청계산(헬기장-매봉-매바위)(JOBC),2255,4000,0.73,5.3,40.6,78.6,37.430702,127.047264,37.42911,127.045843,{tmcFk|lfW\Xt@^NN^l@dAv@h@l@BFJ@HNVJPZLHAZHn@@n@ET@JAXRz@TTJRFBLCd@JLPDDHTPT^p@@F@@GWY_@Sa@KMKUGAOOUCi@SU_@GW@WDQAK@OCQ@SK{@Ae@EI,Seocho-gu,Seoul,South Korea,False,0
26778778,49,진옥자전거캠프-청계산(혈읍재갈림길-매봉)(JOBC),77,111,1.71,16.9,50.0,289.3,37.429724,127.059439,37.428159,127.043792,wnmcFmhofW?\MRGTE^M^Ep@Wx@@VGp@XbBIt@DBFZJJ@^FBDL@PN`@@VE?BFAFBZAJDXHLFNPTFN?HE??H@ZLr@Ar@H~@Xh@BJ@HABANHRHJDf@LHNXJt@JPJH@RRJKt@?PDvACTUb@MDQV_@\ULMNIb@u@t@M^MLM\W^Uj@SRWt@]fB?PGPATERARBh@ELEx@@XIJFp@AFKDIb@EDARBHXV`Af@NN^l@dAv@h@l@BFJ@HNVJPZLHAZHn@@n@ET@JAXRz@TTJRFBLCd@JLPDDHTPTP\,Seocho-gu,Seoul,South Korea,False,0
23218906,50,진옥자전거캠프-청계산(옛골등산로입구-쉼터)(JOBC),177,230,0.93,18.3,47.1,173.2,37.42621,127.073293,37.420265,127.068414,wxlcFa_rfWV\R^ZVLNx@Zj@LRAx@H`@CXDd@C^@PCXQFAXBh@GHEN]DCF?JPBH?JEZ?FDLJN^R^BPFLHDRERVVL^H\FdADLJJJ@PEJ@F@JFFRRTHd@PXBPFLDRLd@RPHBHLVHTR\l@LZD@HENHH?Nb@AL@DPVj@`@Jb@TT,Seongnam-si,Gyeonggi-do,South Korea,False,0
19691923,51,공항에서한바퀴,120,541,5.32,0.1,20.0,80.4,37.428822,127.11689,37.428854,127.116902,cimcFqozfWLAHD`CBJHB?PCXAXKt@AZGr@APCN?VGj@CJC`@AJEN?\Gl@CFEl@AFEx@AHEV?\EP?`@GZCHCB@`BKB@BAv@@JDN?B@DAf@@NBd@BB@JAv@@B@RAl@FdAG^D\?JEB@P?d@GR?n@K`@AhAWTALGH?HCNCxAe@VKb@MLGBCPAf@WNEBBd@GNGPSD?FE^BROb@ORMF?h@Uj@KBEJARKD?RIBERIhAo@BE^Qn@e@hAq@JCb@[RGXSt@[`@c@PIF?ROPGTQTYLCNMLAPI^[ZQRGHIVIT[\GFGF?x@m@r@a@r@i@LEVOx@i@dAk@@EZQREBE|@c@j@[HAb@U\CHEJ?b@Kn@YNABENA~@YV?BCJ?LEJIp@WNALGF?FCF?`@IRGTOf@GLGH?n@OH@HAHG@GIu@E_AIEKBEFK@KF_@Dq@VWDIDGAIDO@w@Zo@H{A^[LO@g@\CEQ?[HM?_@L[@GBq@HKFe@Lm@Z{@p@G?MFGFc@RADC?UPABGBYZ{@b@CBa@PGFYNWPC?KJs@`@YTc@RIJOHMJGVOBS?OFO?SEUB_@XGJCR[^WLSDa@XYTM@GDgC`BC?MJG@WPi@RcAr@aAj@QF[To@Xk@NMHYFIDK?GFUHq@NKFYFSHG?g@Jo@VUBOJK@UJq@PADO@MFG?UNSDG?MF_@FMFY@c@NiAFMBa@BC@KAGBW?C@MCI@CCe@Jk@GCCg@GSGI@SAUBCA_@?CAQ@KCI@OEa@FEAGBm@C}@RU?[DGBK?KDCCw@By@H]?SFY@_@Jc@?CBCCODGASBW?YBOBo@@KDU?]F{@BIDY@KDQ?C@W?EAA@CAO@MAC@UAKEI@MAOFUIG?m@WGDCFCj@G^El@,Seongnam-si,Gyeonggi-do,South Korea,False,4
18053407,52,K-16 Lap (start by goal),312,15434,0.39,-0.0,5.6,4.5,37.452352,127.107956,37.452339,127.107974,e|qcFuwxfWK`C^PhANdBBH}A?}AIC{@I}AQc@@Al@,Seongnam-si,Gyeonggi-do,South Korea,False,3
21074200,53,진옥자전거캠프-성남누비길(인능산등산로입구-내곡터널)(JOBC),661,1038,2.0,7.8,39.9,218.1,37.434593,127.076025,37.441046,127.080843,emncFcprfWGHKd@k@x@Ol@IDQES?IEOAORg@SQ?ECg@Eu@HIAMOYGGDIJM|@D\Ed@Wz@Y^Uj@g@XUA[?a@FQ?UGK@A`@ENm@t@EVMPYfASPKC?BMTCLe@f@DZAHEDKDGJ_@ZiAWa@QkAVq@RG?QGEBUBWGMD_@I?DOJ]SBDMBSJW@CFOFs@Ea@@UMU[Mc@c@WEMP]Be@Na@Fs@?KKYIe@C{@GOAKBm@HMBQEIGEEQ?SCMDmABOTQHa@G[KmAEMA]Vs@De@FQ@WP]TQDUD_@EU?i@GUFg@FYXk@Be@Ae@Pk@FIFgAGg@J_AJWLe@\e@H]LWNs@,Seongnam-si,Gyeonggi-do,South Korea,False,0
21074308,54,진옥자전거캠프-성남누비길(인능산구간)(JOBC),142,275,1.84,4.5,49.2,143.6,37.452445,127.090742,37.440344,127.081426,w|qcFclufWH@l@?p@\N@H?BIPGLSFCFB^fAb@~@X\v@b@dAbAh@^NJVBDFPD\ZVLFJZXJNRJ^\z@LV?^Ip@G\Q`@KXE\JV@h@Pd@H\LTAV@f@G^Ld@?lB]TBn@XDFFPJLDJRDBTRXJ\JN\~@HHZVJXHHBVAPe@zA?LF\P\Pj@FVCL@NDD@HDFf@t@LXFn@Bx@Fd@PJVDRJV@JBh@d@PH`@d@LDPBf@@n@Gl@@NAj@HzAv@PT`@r@DVHV@XN~@JTLNTb@NHRPLXLB,Seocho-gu,Seoul,South Korea,False,0
21074178,55,진옥자전거캠프-성남누비길(인능산등산로입구-인능산정상)(JOBC),515,1012,2.97,5.9,39.9,269.5,37.434608,127.07601,37.445038,127.087848,gmncFaprfWOf@m@~@Ol@IDQES?IEOAORg@SQ?ECg@Eu@HIAMOYGGDIJM|@D\Ed@Wz@Y^Uj@g@XUA[?a@FQ?UGK@A`@ENm@t@EVMPYfASPKC?BMTCLe@f@DZAHEDKDGJ_@ZiAWa@QkAVq@RG?QGEBUBWGMD_@I?DOJ]SBDMBSJW@CFOFs@Ea@@UMU[Mc@c@WEMP]Be@Na@Fs@?KKYIe@C{@GOAKBm@HMBQEIGEEQ?SCMDmABOTQHa@G[KmAEMA]Vs@De@FQ@WP]TQDUD_@EU?i@GUFg@FYXk@Be@Ae@Pk@FIFgAGg@J_AJWLe@\e@H]LWNw@JWPSTMJYf@SBWAKg@YM[IEMMQu@Cg@Qq@c@aA[U]Sc@[_@K[C[IW?u@Vi@AOK_@a@q@c@MMS?OC}@WQKKc@MmBUi@W[GOGGCKAc@I[[q@IYCUBSf@wAA_@O[c@g@Ss@QYMk@KQ,Seongnam-si,Gyeonggi-do,South Korea,False,0
4135954,56,Segment,744,1254,0.86,5.3,26.9,55.3,37.441814,127.083314,37.445404,127.088176,izocFu}sfWEAMMOG]?SCMDGAI@WHCDYDG?SGSAKOi@c@IAQQKQKBME[KSAk@UIUCSBUK{@BMAQISIKEMIEKKAIEC@?GAGq@IQG_@Sc@EQCe@DM?SFc@HMDA@K@?@SBACOC?@@CKIOIAEIICGIIQMo@CCQ_@?MIGAMOOA[C?BGHADD?BIBCFCA@?@BHMDYD?CA@A@NB?EEB?@BAGG@?GC?ANCDEDK@IHEBOII_@EG,South Korea,Gyeonggi-do,South Korea,False,0
1984289,57,심곡동 396 93 Climb,190,679,0.47,13.6,26.2,62.9983,37.449186,127.088429,37.445423,127.088361,khqcFs}tfWr@FFDLEJ@NIJ?BC`@GTMDGJEPAHCh@CH?PJJ@@DHBDARLT@PFL@NNJDVKHBn@GH@XRn@APEROZGHANIJ?BBN@@DHHJ?JFB?,성남시,경기도,South Korea,False,0
32381372,58,(RUNSDONE) 인릉산 정상아래 UP&DOWN ,27,64,0.4,-0.8,17.7,4.8825,37.451452,127.090656,37.451425,127.09068,qvqcFqkufWH\FHAHFHZr@VXXXbAf@d@j@d@\JBOEi@e@U[sAs@]a@Wc@Yq@Gk@,Seongnam-si,Gyeonggi-do,South Korea,False,0
38990602,59,Right-Base,445,2698,1.31,1.2,4.8,15.6,37.428927,127.116527,37.426756,127.102549,wimcFgmzfW?fALz@DbANdAx@hCLv@ZvAjAvDf@fBCRiAbDi@hBKp@E~@@RZdBz@hEh@xBh@|AHl@Rp@V`CVfANdAJpA@z@P|AJzDCvCJbA,Sujeong-gu,Gyeonggi,South Korea,False,0
17525597,60,성남종합운동장 한바퀴,651,15030,1.11,0.0,18.1,46.2,37.432229,127.139428,37.432198,127.140566,k~mcFk|~fWD?DE@IPQBGB?JETSDg@FYCCWmAKGEGGAw@EMFa@b@SHQL]^q@~@Mr@B`@Vl@PHf@BJDNAVEPMTGJGLU\WNWXSLs@@w@?GEKAUKOEAMBMQGBECOSCDEAKDOTGBMNG?STIB[TGNOROLEJYXIRAJXjANL\FJATB`@Ih@[VId@g@DALMRGL{ACQCGOII?CC[m@UC,Seongnam-si,Gyeonggi-do,South Korea,False,7
20171232,61,성남종합운동장 반시계 1바퀴 #김진성,1852,250763,0.45,-0.1,17.5,16.7,37.433182,127.136698,37.433179,127.136639,kdncFik~fWNDXDPCVQTc@Di@Io@Mg@[gBQi@Ua@SO_@@c@RKRGPC`@Df@h@zDRf@XT,Seongnam-si,Gyeonggi-do,South Korea,False,4
33658975,62,솔치능선(동 > 서)_트레일러닝,33,64,3.09,-2.5,24.6,94.2,37.426479,127.179444,37.427608,127.152909,mzlcFovfgWD`@JD?JCBBFE\St@Kv@Dd@f@nADRVr@ARHx@A`@ETAfAMh@Ab@`@pBDLBTO~@WVQZCNKPATWvA?PBZMv@EHE\Aj@Vn@Bd@H\@TCh@I\w@dACL@HM`@AVBD?FNj@E^J`@AVJXJNh@d@P^f@x@CZBXCLEvBKTGVQTLV?d@ERCDE?YZM@o@v@CZG^MZEX@HBDDNJHLPPZNNHTCTMh@OJINAJLp@Kz@@d@]p@DDXc@CBE?IHYf@C?J]_@|@IZEHE\IRU`@WTUJUF]@UCOFGRCj@Fr@A`@DZA^G|@OXS`AAXPXXx@NAF`@Ja@JlBP~@@\WhACb@@VFNj@d@VXDNJBXTDHDl@HTTFr@Xd@b@bATTL^n@RDl@r@T\?\FTAf@LVDPLXLt@?LAFI@BTMr@?b@QdAKXGhBFRXf@RZNNFN?TTv@?`@BNG\KPK?EFKBABI?KJODOCWNUFSGa@JGEm@Ag@JMG_@Eg@HIG]CMEGFY?UH,Jungwon-gu,Gyeonggi,South Korea,False,1
39576067,63,가천대트랙 3레인 역방향,155,4996,0.37,0.0,0.3,0.0,37.454862,127.134822,37.454872,127.134846,{krcFs_~fWaCJWE[[Ei@Je@ZWh@EbCId@NPb@En@Y^G@k@B,Sujeong-gu,Gyeonggi,South Korea,False,0
33658971,64,솔치능선(서 > 동)_트레일러닝,35,66,3.09,2.7,36.6,175.0,37.427585,127.152902,37.426479,127.179514,kamcFspagWn@ORHN?NDh@GXBJFLANEZCd@BXAXDFA\KLMNBPAHKD@ZQNEBCBIBWCa@O{@@MOa@[Y?@CIQg@KMG]F{ANe@LiA?UTcA@YMa@E_@KOGYECEG?MB_@ISDSESIQi@o@m@[Ue@_@Qw@SOOEAGIKI]GKKQEOWKo@GAMOQSKQSUi@a@GQAe@@OTu@@k@Eu@Oo@Se@Mq@m@?IaBBMNc@Hc@FI?UHmACO@e@Io@F_ANSVAT@TCx@a@Xi@FS@a@\s@NOP[LKJE?CGGWd@e@k@fAyA@CIu@H]T[Hi@EU]a@GOMMUg@BQTs@@a@DQb@m@HGPC@GPMBE@GFK?o@IMRYBSJOB_AB]A_@BO?w@g@q@Oe@k@c@MSEQAUGi@Ai@Oi@BKCG?I@QJOAOx@eAJUDWCo@CWES?a@S[CU?g@@UHUFg@?o@DYT}@B]FKF]PUPUNg@B[AWMc@UmA?k@@SHOAc@?[DWBm@GSAcAMUIc@Oa@[q@G]Du@Ro@Hw@DKAGA@IIG[DQ,Jungwon-gu,Gyeonggi,South Korea,False,1
6069267,65,Segment,123,154,0.5,8.1,17.2,40.0,37.428985,127.137508,37.424719,127.13812,cjmcFkp~fWTQt@[JCLBRAZUPIdA]jBa@~@Eb@Bb@Ab@DnDNnAAnAB,South Korea,Gyeonggi-do,South Korea,False,0
20171240,66,성남종합운동장 2바퀴 반시계 #김진성,1809,120549,0.88,-0.1,17.5,30.3,37.433182,127.136698,37.433132,127.136677,kdncFik~fWNDXDPCVQTc@Di@Io@Mg@[gBQi@Ua@SO_@@c@RKRGPC`@Df@h@zDRf@XT\F\GRSPk@@_@u@}EQa@KKQG[?IB_@ZO`@CTn@pELb@HLFFRF,Seongnam-si,Gyeonggi-do,South Korea,False,0
20171242,67,성남종합운동장 3바퀴 반시계 #김진성,1771,76834,1.3,-0.1,18.2,43.3,37.433182,127.136698,37.433102,127.136649,kdncFik~fWNDXDPCVQTc@Di@Io@Mg@[gBQi@Ua@SO_@@c@RKRGPC`@Df@h@zDRf@XT\F\GRSPk@@_@u@}EQa@KKQG[?IB_@ZO`@CTn@pELb@PTRFT@TANIDEJc@@WG_AESC_@S{ASk@MOSIWBYHGF]l@?LHf@d@pDRb@LJVJ,Seongnam-si,Gyeonggi-do,South Korea,False,0
20171248,68,성남종합운동장 4바퀴 반시계 #김진성,1729,55297,1.72,-0.1,18.2,57.5,37.433182,127.136698,37.433154,127.136703,kdncFik~fWNDXDPCVQTc@Di@Io@Mg@[gBQi@Ua@OMc@?c@RKRIVAZDf@h@zDRf@XT\FPCJCRSPk@@_@w@cFO[KKQG[?IB_@ZO`@CTn@pELb@PTRFT@TANIDEJc@@WAc@Ko@C_@S{AOc@QWSI[DUFGF]l@?LHf@^|CLf@JNHHZLR?PEVMP]Hg@Gg@Kg@O}@Iy@Ia@MQYWUCUDYTKNMZ?LZvCVvATTPH,Seongnam-si,Gyeonggi-do,South Korea,False,0
20171253,69,성남종합운동장 5바퀴 반시계 #김진성,1731,42588,2.14,-0.1,18.2,70.0,37.433182,127.136698,37.433088,127.136686,kdncFik~fWNDXDPCVQTc@Di@Io@Mg@[gBQi@Ua@SO_@@c@RKRGPC`@Df@h@zDRf@XT\FPCJCRSPk@@_@w@cFO[KKQG[?IB_@ZO`@CTn@pELb@PTRFT@TANIHOHc@?c@Gi@ESC_@S{AOc@QWSI[DUFGF]l@?LHf@^|CLf@JNLJ\JL?PEVMP]Hg@Gg@[eBQuAOWYWUCUDYTKNMZ?LZvCVvATTPHPDNAJCZQRa@Dq@c@mBSk@?OKc@M]UOUCSF_@`@I`@Dh@h@tDHXPVXJ,Seongnam-si,Gyeonggi-do,South Korea,False,0
9502646,70,성주산_공수 약수터 업힐 ,197,710,0.45,15.0,25.0,68.0,37.462672,126.773467,37.462601,126.777797,u|scFcmwdWLc@Fi@c@c@]Ya@USWOg@Kk@@O\{@b@qAb@_AR{@Fk@C_@Fm@RkAOsB,Incheon,,South Korea,False,2
32167626,71,웃고얀공원5회전,88,2046,1.69,0.0,18.7,55.5098,37.4757,126.81161,37.47563,126.811584,cnvcFq{~dWUe@S?SP?XI\{@p@GVWDOTGZFZTLTDTKNMJUp@Q@aANQXg@Gu@KGUFQNKTAXw@t@IXSFQNCVB\PLV@TM^m@NYEMFSv@u@@[IYMKSAOPGv@g@b@c@d@m@BOH@b@F`@JZ^Jj@OjAkAd@{BAYK[WESHMTAXIXg@ZGZFPY@SRGZBVNJR@REZk@ROJSB[RONWL[@]G[UCWDQP?^IXOLSH]f@W@MVAVFXTRV?TKVg@TKJWD[\c@J[LS,Bucheon,Gyeonggi-do,South Korea,False,0
30291443,72,진옥자전거캠프-거마산(송내공원-군부대)(JOBC),22,26,1.12,15.6,41.5,175.6,37.479813,126.764039,37.472012,126.767635,ygwcFerudWb@J|@?t@NPC^HL?XFJQDA|@ZLJLIRCLEN?h@YHMj@]Nc@t@aAAMCC@CC]Rm@@SCA@[Lc@F[T]f@QT?NETBRML@PIHQPGZLH?DJD?RN@JHHBHAHDRHFHNZHL@h@VLCNK`@Md@g@Hk@Ri@LSTMPWd@_A@KNI@E@OBC?IZ]~@_@^EN@b@KLHp@MPOTAXIF@,Bucheon,Gyeonggi-do,South Korea,False,0
29268256,73,진옥자전거캠프-성주산(하오고개-팔각정쉼터)(JOBC),101,242,1.0,7.2,50.0,145.6,37.476212,126.786357,37.4719,126.778478,iqvcFu}ydWTFLNR@TPJBJ@JAJBN@HDBAFB@Cb@@VJHFJVJLRFNVb@PFH@JZJ\TPFb@EX?HBZl@PPF@d@\d@n@NN|@d@NCVDHTD\Bv@DFDd@^rADZTp@Rz@H`@Tj@?DHLB\DBBPD^BB@ADJCHCBDLCJBDERFTLX?j@Jh@GPCREF?RFFD\Gb@C`@CJAl@ILEb@ED?RGP@HALOLSH,Bucheon,Gyeonggi-do,South Korea,False,0
20885896,74,관모산 650계단,152,317,0.13,34.0,44.6,42.6,37.455437,126.760771,37.455297,126.762233,morcFy}tdWC[DEHU?WFY?]H_@RO\YJWUEWYQY,Namdong-gu,Incheon,South Korea,False,2
23066535,75,진옥자전거캠프-소래산(정상순환코스)(JOBC),157,310,1.14,0.1,49.6,156.4,37.456689,126.778102,37.456634,126.778087,gwrcFcjxdWTg@T_APSXe@Gq@AcAD_AFYJIX]d@OLADCD?PG@GFGXOD?HWNCFSH@JAHIHDT^d@FDDF?RPJv@HXLRX^HFLRPJHNF@PPDFBBHABHFBN@JDJALD`@MH?b@FPAB@j@DTFNJLBPJNRN?B@AD@FB@DCAEA??DE?Y_@_@IUMIAEES?EEMCWDOCOMM@MHMEIUCg@AEMEE@OASDGFQDOEAIG?OKEEEM_@IKBSLEVGDKF[HKHCJKHELMPE\Qv@YlAO\]@OCMI_@I]?cAJ_@Ai@PIH,Namdong-gu,Incheon,South Korea,False,0
16918444,76,[hirun]망원유수지 트랙,2190,142222,0.46,0.1,0.2,0.0,37.55758,126.8979,37.557602,126.897931,{mfdF{voeWi@Fe@Le@Pi@La@VYd@Dj@Zf@d@Rd@@b@EhBWd@M`@[Fm@Mq@Yi@e@Se@@,Seoul,,South Korea,False,13
21239045,77,달리기,7055,29444,1.96,-0.3,1.4,0.0,37.554401,126.875625,37.539597,126.886288,_zedFskkeWPKCI`@KJ@JCLQBIrC{APUZS`@m@L?n@Ol@a@j@On@_@LEPWNK`@Gx@y@La@`Ag@\SdAcAt@UHORSNId@Eb@Of@a@T]h@[f@c@LGTULUJIJQ^UbBo@Zq@XYNUVKVSFMb@g@Ra@l@w@HYJUx@kA`@ONMVEVMZGf@a@PI\Wt@c@^Kb@Ud@Sf@g@fAu@jAaAN[h@]p@Sn@a@XEZQl@Sl@MVOn@E`@OXGz@m@NITCVQr@OR?^UPOXIXS,Gangseo-gu,Seoul,South Korea,False,4
15776404,78,여의도 8.2km,888,2101,8.15,0.0,15.9,38.5,37.529377,126.91072,37.529348,126.910656,q}`dF_greWCGCA}Bd@g@B{ABa@B}A^o@XoA?m@Tg@^CFq@D}@LeAG_@BINGXCp@Bf@B?Tq@Jw@PcEGo@Yo@a@c@Y_@Wc@Uq@WuAKs@Mk@cB}EOk@WaBEq@?cBHgBNq@j@yANq@Fo@?cBJwBj@oCLy@Fm@BsCDq@Jo@j@kCf@mCtAiENo@^oCRm@Vi@V]z@{@~BsB^c@bA{BbBuEXg@Tg@Nm@d@wAJm@?q@Ko@k@iCEq@Js@Pc@^a@~@k@z@q@d@[fAk@nAu@l@i@\_@tAeBfAaBTi@`@sAf@sAr@sAt@mA\a@z@u@jBcA`BoAZa@|AyBdAwBz@mA~@y@h@_@dCeCx@aApBoClD{D\[f@GtAG|A?vAEnBMrAi@bAs@Vg@?q@Mk@Sh@Ix@@JT`BFNLl@VlBBn@ZlAJv@FbBHj@ZrAf@pAv@rEj@tDz@bHV|CXjBRtCPbBPrCB`BGvF]fJA`B[jCOdBq@bFMl@yBfIg@rA_@dBc@vA]|Ae@~AsAjFw@bCa@`B{@`CYh@y@pAsBrC_A|@a@X]\a@Rm@N[b@iA~@eGlEiBfA_@XgAl@iAr@mBfAa@Z}At@wA|@aAr@c@TG?SJiAn@g@Tq@T_Cj@k@RmAXqAVcBV,Seoul,,South Korea,False,137
17049177,79,Hapjeong to Seongsan Bridge ,9321,37091,1.57,-0.1,1.7,2.6,37.546505,126.906936,37.555672,126.893805,shddFioqeW[`@[Zs@hAw@~@_@rASh@k@~@e@h@a@VWV]`@m@jAYb@[^UHY^Mj@Wd@Oh@a@d@Qj@_@^gBbAMZGl@Kj@YfAUh@gBvCmAdBmDrFi@dAcAzB[`@_@XeA|AmI`Nm@z@,Seoul,,South Korea,False,9
6638054,80,파리공원,563,27353,0.73,0.0,7.9,13.2,37.533844,126.876819,37.533825,126.876781,oyadFaskeWJmBKUMO_@Ge@Y_AYIKIUMm@QEOD}@t@y@d@]Hs@\SLELA`@BLLLJBTNTj@~@lALDHJVLRPXJVPf@JL@XHT?`@FPOPo@HaAJs@,South Korea,,South Korea,False,9
13378457,81,여의도LSD코스-8Km,2121,6334,8.2,0.0,14.7,168.7,37.533447,126.909824,37.533583,126.909259,_wadFkareWEn@Ml@UZViBLQb@Ax@Hd@GjAYZMjAi@d@Gd@Mn@_@@Yr@BpBA`BGzCa@vCi@tCw@jBc@b@Sb@MfAk@^]`@Od@G`@QbAu@lDqB`Aw@`Ai@jCmAjC_BbBiAjDsCb@Sf@Mj@BV_@Ni@~AmAp@w@^]r@_AbAuBZ{@Ve@tAwEPi@p@_CJo@b@sALk@x@aCjA{Eb@sATgAp@eCh@iCJm@f@aHJo@Fq@?m@N}AZuI@q@GwC?eBIqCCo@g@sFEq@SwAO}Aq@mFa@wDkAeIMm@Wg@m@kCEe@?_@WaBM}Aa@}CSe@U_A@s@F]L_@F`@Ap@GV[ZgAf@c@LwBRa@?oAHq@GYHg@Ce@BgAd@[\c@N[b@]X]\Wb@uAdBy@~@a@\oAfB{AzA_Aj@]\s@fAaAtBw@hAw@`Ay@v@eBdA_Ap@_@\_@`@s@`Aq@jA_AzBa@nA]x@oAbBuAxA_A|@a@VgB`AaAn@}@t@]`@]XUf@In@RzAZxAHp@@l@Gl@e@tAi@nAcArBoAhDWf@Qj@Wb@_@^cDjCs@jASj@On@YjCMh@c@tAUd@Qh@Ml@Gp@UzAc@vASbBIpCK~AIp@[|AS~AK`EIp@Ol@a@pAIl@Gp@Cr@@`BHxAPxA^tAb@vAh@nANzALl@`@tATf@Zb@^^Vb@Nj@Bn@OlCIn@Qh@,Seoul,,South Korea,False,11
13069367,82,양화대교(남->북),13440,21843,1.0,-1.2,7.8,0.0,37.539466,126.900762,37.546336,126.907938,s|bdFwhpeWoA_Ac@c@mAy@m@e@k@a@g@U}@m@kAcA}B{Bm@y@cAgAkBiCsA{AQSYo@QSe@a@cAmAm@{@cBuBqAiBsAcB,Seoul,,South Korea,False,16
11845321,83,Mokdonggyo - Yangpyeonggyo,12157,63093,1.1,0.0,1.1,0.0,37.530775,126.889203,37.539991,126.888573,ifadFo`neWAEKMy@k@SIm@Ea@FI?s@Uo@a@k@GiBa@c@O}B]WIi@?YEY?aAJ{AZU?mAYYKQQUIa@Qa@IQHSRSJwAd@i@Vs@V]Pu@RgDhByCdAgAl@IFKN,Seoul,,South Korea,False,12
21239097,84,용괴,273,2122,0.36,9.4,29.7,40.6,37.541307,126.876616,37.54308,126.877102,chcdFyqkeWGAYvABBk@\a@LU@e@LM?EF_@K]?y@PO?OGMMA_@Km@CY?IFI@MDeB,Yangcheon-gu,Seoul,South Korea,False,12
10541753,85,성산~가양턴하고~성산 10km 구간-made by 우이리,329,415,9.65,0.1,18.0,180.7,37.546041,126.890705,37.548412,126.888153,weddF{ineWa@Ra@\mCxA_@\mA`Bs@hAu@~@g@vAUh@cH|LoApBaErHaAvBQh@kAtD}@rDOh@{@zBeAxB{@dCs@bCKl@]vA[|As@~DYzASj@uBzB{AxAwAdBgBtCiCrDmDrEsBbCkBnC{@fAu@jAuAjBiB~C_BxCaAbCyA|CcI`PaAvBaBbDk@tAqCfF_@ZmAhDsEdJcAxB[d@qAzCuBbEm@rAo@jAi@nAeAvBcBvCkEjJo@lAoCzF_AtB_DtGQ\MNtBkEvB{Df@sA~@sBnB_EhBcEl@mAp@{@Ng@fAuBTg@hAyBxA_Dr@oAtBkERm@fA_Ch@sAd@yAj@mAlAsBr@gATg@Pk@n@oATk@hA}BRi@Ve@r@cAl@oAZe@d@oAx@mATg@zBcElBiDpBmExA{CpBoEBc@r@kAn@oAhAqBpBeC~CyE`FeGrAcBfCmDjAqBpAiBZ_@|@{@lC}CRk@Nq@^kCr@{D^yAp@_CLm@Pk@j@qAb@qAdAyBd@qANi@d@iChAuDNo@x@}BVg@f@qAzBmCx@gArCyEjAuB|ByD,Seoul,,South Korea,False,4
5746967,86,서강대교 (뿍>남),20959,34673,1.12,-0.0,12.6,18.2,37.54296,126.928827,37.533963,126.923029,orcdFcxueWdGjCn@b@`IhEjL`HxJtFhJtF,South Korea,,South Korea,False,22
17428885,87,마포대교to서강대교,12225,49851,1.35,0.4,2.8,5.7,37.537285,126.941574,37.543169,126.929527,_obdFygxeWc@LsBfBuCpBk@X_A`AuBnAs@p@cA~AqAvCQZC@Un@C?IJu@|AOj@Mn@KdA?p@B~@BPL|BX`D@~@KbAqArD]bBSxAOh@s@hAaCbI,Seoul,Seoul,South Korea,False,8
17194605,88,Wonhyo2Mapo,13192,59309,1.19,-0.2,47.4,44.5,37.530354,126.951454,37.53672,126.942009,ucadFqezeWORGDQVSn@]h@YXUPQJa@f@MVk@|@OH[ZGBU^eAfAYh@c@\mArAOVqA~AoAxBQj@OlACx@BrA?|BEpAE\YnAa@lAEZMZQPMVWXs@`@OPSBy@`@UBe@NoBlAQHk@h@,Seoul,Seoul,South Korea,False,11
8584198,89,여의도공원 Conrad Entry,9052,87263,2.66,0.0,12.4,67.4,37.526845,126.925087,37.526544,126.92444,wm`dFw`ueWkAaAZIAKu@iASi@Wc@Gs@Oi@w@kAa@]_@_@uA_BFs@]Yg@@e@NwAv@U^Uf@_@`@@r@jBbANj@Zb@HbAnB^`@\r@|@~AtCNh@h@xAn@hASn@JZ^\Tf@|@jAHt@Nb@l@pAbAZb@~Bb@tAVb@v@~@Zd@Rj@Z^`@Vl@rAb@tAVd@x@dAXf@h@nAb@Vb@Ld@E|@cANm@@m@Ek@Uk@m@sA[a@sC{E[]q@mAUc@Ok@Ug@w@cAi@mAaCuDk@sAk@kAs@iASa@Oo@,Seoul,,South Korea,False,10
19025582,90,Hyochang Stadium Reverse 400m,257,36433,0.43,0.0,23.4,18.2,37.543773,126.961673,37.543763,126.961687,qwcdFme|eWx@o@NEN?\L^^LXD\?VEPINU\kBnBMFMB]KOIMOISOc@Ai@Jg@^e@n@o@,Yongsan-gu,Seoul,South Korea,False,2
26758097,91,circuit 250 m,1111,176611,0.26,0.0,9.1,0.0,37.556707,126.96598,37.556693,126.965942,khfdFk`}eWrAz@`@RLELMH_@BWESUWkAy@MEYFGFKPCd@B\DH,Jung-gu,Seoul,South Korea,False,21
11423749,92,[여의도]8K_2주차장기준한바퀴@ddamdo,1040,2255,8.22,-0.0,18.8,173.3,37.528637,126.931716,37.52877,126.931568,}x`dFejveW|AkArBgCP_@b@w@L[Rw@f@sAh@gA\m@f@s@TSRWnJgIXa@Zo@\y@xAkBLMd@]BKFELA\Yl@Y^i@p@k@Te@n@w@r@g@zAyBz@i@`@Yh@}AJEd@]HCN?v@Jd@BBAXWF?ZH^P^HL?LG^C|ALt@e@\c@n@aAJ_@@SEo@GYGKEAC?KNOp@?`@Fh@Px@HPP~ATTBFAb@P^F@@HEx@Fz@NfB@TDT?XEf@@Fn@|AHr@^`AFb@Fx@TdARbBJP?n@Ff@b@pCVdDRnAA^Jt@F`AJb@?VLtABb@Ft@FfB?VBVRzDIv@A~@Gx@An@CV@TAf@?d@Gn@@r@Qp@Fl@C|@Kv@U|@Mr@QzAEbAQ`AC`@q@hCG`@Mh@M\Ij@I^Ub@O~@m@lA[rBK\UvAa@fAQVKj@Qd@Cj@Qh@QZGTGFCH?TGT]h@Of@AROd@o@nAMv@_@jAG\KLMH[`@CJk@f@CDCPMV{@bA}@j@MNk@Vu@j@]\WD_@Tm@n@g@Zs@p@e@ZQV_@LgAh@c@XQRa@TYPe@Le@\[Ls@d@UTQHa@^_@RQR[JMH_@Jg@d@[JaBbA]f@MJmAXuAn@_BTcBb@ULm@H{@Rs@Hc@@cATwBZeBHk@Cc@?IB_CtAa@I]Bc@LONYFi@Ry@Pk@?UDy@ESJMZOpA@JBFF?LSVqARcD@m@Ok@CECFEScAoAKEUa@Uk@MSUgBSiBg@yAe@qBMs@WoC?eBHq@@m@J[\q@XgAHcACgBHy@By@H_@D[^mANy@BaADa@AeADc@B_APo@Hk@\qATaBT_AFa@LSFYT_@H_@Ru@ZmBBi@Lk@Ni@HOp@w@p@k@`@a@XSbA{@LOXo@Vs@Xo@h@oBRg@Rg@p@kAPc@v@oALe@L{@@_@Ge@Ic@c@uAQy@CWLeAPUJ?NWJKn@U^WXWLK|Ay@JMLC,Seoul,,South Korea,False,9
5422492,93,여의도공원 (Start/Finish @ Entrance #12),12055,201824,2.49,0.1,21.1,61.0,37.526306,126.923902,37.526178,126.923796,kj`dFkyteWOc@Gm@IYIQUWc@y@QKUUc@gAGYk@cAO_@Su@Q_@W_@s@a@KM]o@Kg@[m@[_@]QKAi@F_@RQPU`@CTAh@LdBJn@\nAXb@VR\d@VPd@h@~AdC\t@Z`BJXb@p@RVXTr@|@z@xAHPR`ANf@f@v@n@j@RXHTZlALVR\LNXl@d@l@Pl@BDBLVZf@v@P^`@nAT`@l@p@Zj@|@lBNTRLl@LJA\QLO\[NWNw@B[CS[i@GSi@eAUq@Ga@o@yAIGu@oASQa@i@i@{@MYWs@[k@KYi@}@Sk@]k@Y{@IMs@y@mAgCKKg@s@,South Korea,,South Korea,False,5
8241912,94,Ewha track CCW,251,13106,0.22,-0.1,4.5,4.0,37.559967,126.944416,37.559985,126.944283,w|fdFqyxeWDbAN`@Rc@Q_BAq@IY[PJpB,Seoul,,South Korea,False,6
9022750,95,경의선공원,844,6923,1.15,0.0,8.3,0.0,37.544981,126.947042,37.544966,126.946968,c_ddF_jyeWJVEXWl@EXAZG\SXEXWn@EVWf@GTSd@SfAWn@Ax@Mp@MTQp@c@dCAt@Mr@KT]d@Mn@]jAU@L}@JYJ{@`@m@`@kALmAJwAB[HWFu@NSJYHs@`@oADs@LWNQj@aBVi@^mAFYAu@F[TA?Z,Seoul,,South Korea,False,12
7440088,96,[휴레] 남산업힐(약수터->버스정류장),8732,25411,1.77,5.4,30.0,131.8,37.550442,126.998881,37.550763,126.991291,gaedF_ncfWt@FZZ`@RhAc@hAWxEmA`@Gf@ApBP`@Z\`@b@JjAFd@LZ\Vb@\\~@l@v@bAjAfBx@`ANj@Cb@Ub@a@ViA\a@TSf@Q~AaAjDEr@W`@e@PY`@Il@Sj@c@RiAFc@Kc@Uc@Qe@IiATc@PiAXiARc@Ke@Aa@N_@XyA|AYd@k@tAWb@aAt@,,,,False,171
2143255,97,Namsan loop,116,238,7.88,0.0,33.1,348.119,37.5411526,126.9977576,37.5413186,126.997844,egcdF}fcfWK[OCE@JPZ\TMBYE]c@eBaAkBk@w@K[USWc@]Uq@w@]Uo@w@aAgBq@u@a@c@q@g@YMu@Uy@Q_@OwCi@cAKwBO]EuAEUB{@R{@`@g@f@oCvDw@hAs@p@MXs@r@}A|@WHo@?YA]I_@WaBiBU?aAf@ETHd@JV\f@h@`@f@n@R^Nl@A~BInAU^]R[DyCeAcAW_Ac@}@e@a@OeAScBO]MQYUy@Oc@e@eBQ]U[k@k@YO_@G_@JOXMd@MlAGvAFrAXvAP\\`@jAbB\P^@\E\ArA@|@E`AU`@AjAZn@VXPLPh@dAf@x@N\Hf@GZO`@Yj@Qf@OVG^@j@Gp@UV[CaASc@Gk@?a@RCDMh@[`@]JY@YE]NSRWb@Mb@Y~Bg@bBQb@o@xBUXUBa@Iy@[qAq@_@M_@C[B]\Sn@Gb@Fd@Xx@Lf@C`@U|@?RRh@f@p@JZ@p@Jd@NTRXv@\r@f@bB|@NPIj@CBa@Na@JWZ[n@Ah@Bv@L\b@T`@BXJTj@Sj@g@Ra@ZUXSh@Fb@XZN\F`@Kp@B`@LV\PRD\XV^XVt@f@N\Dl@XhABl@ARo@|A[xAAn@FhBJp@Pp@NFR^AFnAjAvAl@f@@|AWX]lAyBPo@@g@Gq@G}AFuAN[n@u@l@{@n@o@tAy@p@g@~@g@dFs@ZMvAy@VGr@[v@UzAOhACTIbAqA^y@\g@Lg@LcAReAPoA?_@De@Li@GqBKg@MuBBcALe@tA}CRYPQ^m@l@a@bB_A~@_@z@Ob@Ef@Db@?XGx@WVSXg@RmA?wBNkCPy@f@iBHa@HeAT_BLg@Rc@Ja@rAqCn@aAN]Nk@FmAUEWc@,서울특별시,,South Korea,False,331
7455930,98,[휴레] 남산TR Part 2,19035,145028,3.09,0.6,36.7,207.1,37.55498,126.98401,37.550949,126.997625,s}edFaq`fW[[iAYMOEk@Ho@Ek@IQ][Kk@@KVc@Za@~@s@Rg@AG[_@SEg@Ca@OQo@Em@?KLk@Va@f@G\YHOBm@Ye@k@WiAi@_@Oe@UMMSg@Gm@Ao@Sk@[a@Ok@?m@Tg@@q@k@{AEo@Rk@\]b@ClA\lBp@f@H`@WXg@jAkDPm@\mCPm@Z_@DAd@Ep@?`@Qh@iABCd@Mb@CpARd@CZa@Fy@Hi@h@iAXc@Te@@o@Oi@Wi@Wa@m@gA]a@a@YoA[yCHe@Fg@Ac@EmADe@K[_@Ye@_@]QWSe@c@yAEm@LmCJo@Vc@b@Id@Nb@T^\j@jAb@pA`@|Ab@RtCRb@NpDbBvCx@f@Jb@E`@W,South Korea,,South Korea,False,78
5597616,99,The Scream (Namsan Tower),6172,14671,1.14,-10.4,17.6,18.6,37.551131,126.990413,37.55219,126.982507,qeedFayafWCPAfBDXNd@dA|BRZbBhBXd@P`@^XdAXr@Bx@Cr@GD?NDZPLLFd@@^Mf@ML{@b@c@\c@z@Sj@w@fAa@t@[r@KJUHkAIc@GQ@MFUr@[b@WZeA~@MRg@dB]v@i@z@YZS^GP,South Korea,,South Korea,False,20
27160996,100,[TOF] 남산 순환로 업힐1km (by JK) ,22748,208104,1.0,2.7,9.1,32.4,37.553473,126.997498,37.551503,126.997558,etedFiecfWu@Hw@BoAEO?c@F]ASKSSWe@qAwAMQe@sAAm@@s@Bc@TeCDYRS`@GPFtA`A\^P\b@nA\`BFPPLn@Pp@BzARj@RpAp@lAh@dAXn@VTD,Jung-gu,Seoul,South Korea,False,9
13523379,101,Dirt Track Lap,1371,54159,0.43,0.0,10.7,7.4,37.527843,127.020142,37.527841,127.020145,_t`dF{rgfWWSMGS@SJMLO^A^B\N`@X^VTJb@LNv@t@TFP?JCRSXi@D[Ca@IS_@a@[g@WUo@s@,Seoul,,South Korea,False,10
9536331,102,tree alley ,10434,30628,0.36,4.8,29.5,21.0,37.548822,126.992996,37.551268,126.990714,cwddFeibfWMFU@YNm@HQJMN[p@}@lAQ`@Gf@ILQDMf@[d@WJq@`@]\o@HID,Seoul,,South Korea,False,12
1592983,103,회현동1가 205 2 Climb,426,1217,0.8,6.8,25.3,55.9127,37.55860085,126.97684597,37.55535743,126.9814893,gtfdFgd_fWATDC?FJNEd@G@KCLRh@PDDF@?FDEIM?IBB\QF?L`@fBWp@w@r@MR@RAHGBMTa@@]BK?]BOAMHc@HODg@Dk@CODa@AQNs@@UC_@?MHG?_@Le@@SDQHKDKRUDOFAD]Ra@DQCMZ_@FCBIXa@@gAAMPQAGHE,서울특별시,,South Korea,False,2
10491921,104,응봉공원 loop,1120,81446,1.12,-0.0,12.0,21.4,37.554913,127.020845,37.554888,127.020887,e}edFgwgfWJg@?k@GuAAEOQ[I]A}@HmBXWECEQcAK_@Sc@Ya@UIc@?qAFiAEgCD_@BONKfC?`@B^R\\DvBA^Ld@BpAEX@VHf@|@dArAZFv@MVAfC]VMH[,Seoul,,South Korea,False,21
9278345,105,gate to Samgakji,2759,11250,0.38,-0.4,3.3,0.0,37.534665,126.980418,37.53452,126.976119,s~adFqz_fWArBFdAD`BFvGAf@?dBFn@Ar@Bt@,Seoul,,South Korea,False,5
26913830,106,건국에이스- K 코스,114,3262,2.11,0.0,14.9,14.3,37.542069,127.041654,37.542048,127.041666,{lcdFiykfW_@j@]x@KLE@IZONK?MMGUAMFkA?}@Fs@C?Wx@G|@W|@Gx@AJGJCVIh@O\EFE@a@]m@Sw@SQIiBe@OO[EYQe@KoAm@EDIZGn@SfAK|@Sp@It@KXEZ?JO|@Cd@FvAXbAJRn@x@nAbA^JR?HEf@@z@QNMJC\Fb@?`@XZ`@X`@Lb@T`@VVdA\v@FTP^b@h@NJ?PEVSPYD_@Tq@RiARm@Nm@VaBHYPsB@g@E_CGm@FkACMEI]UmBk@YEc@SIIAKDYb@wB?[,Seongdong-gu,Seoul,South Korea,False,22
27261839,107,잠달(성수대교 언덕훈련) 성수->한남방향(오르막시작 즈음 왼쪽 파란색 한강 이정표->정점 바닥 초록색매트),19988,101836,0.23,2.0,6.6,4.8,37.533964,127.032225,37.53458,127.029841,gzadFk~ifWWf@Mf@WrBAn@o@~BK`B?D,Gangnam-gu,Seoul,South Korea,False,7
16391228,108,Forest to Seongsu,20068,120258,0.51,0.4,2.3,2.3,37.537899,127.041367,37.539824,127.035995,yrbdFowkfWMVeAbEsC|JOl@c@~BW~@KT[lBe@dB,Seoul,,South Korea,False,6
25680364,109,Über die Brücke,19499,105180,0.2,0.0,10.9,0.0,37.545833,127.03008,37.544677,127.031677,mdddF_qifWLq@FWd@u@PQ?GFIAGDITWf@_@^_@VOV_@,Seongdong-gu,Seoul,South Korea,False,4
16391214,110,B2B,17266,81809,2.19,-0.0,3.2,3.9,37.539947,127.035746,37.532757,127.058703,s_cdFktjfWP_BBSTo@d@iC\aAv@kDv@aC\sAr@wBbAmDZmAZeBn@yCf@gDt@cHXkB~@uEf@aD`AwFjBmJ^}Bz@mEVaAj@_DPcBvCcP^uAb@gAbD_H,Seoul,,South Korea,False,11
10892460,111,Bake the Snake,19105,87599,1.14,-0.2,2.9,4.4,37.531877,127.023403,37.533368,127.034819,emadFgghfW]c@Ok@g@m@_Au@}AcBeBaCUe@i@oAs@aCYsAq@kFCm@E{DRmCR{AXgAFu@JwBJs@`AaDx@}DDm@Cs@XwA,Seoul,,South Korea,False,10
10499895,112,Foot Bridge,9949,49992,1.62,0.1,10.3,32.0,37.541148,127.031591,37.543689,127.024437,cgcdFmzifWK~@Cx@SjBCbAG^IlAGVB|BAd@KlAKb@INk@^I@[B_@M[U[u@Qi@OQYe@UQOSs@oBQWq@qAMi@i@q@s@uAMKm@qASMQUECE@KDIJ_@XAFUL_@t@EAUV_@LcAp@KLIPKdAH\BZNt@L\BP\x@Hb@Tf@Jb@Pd@Jz@R|@Td@P~@`@zAd@jA@XJ^L|@b@vARb@`@f@\Xb@j@,Seoul,,South Korea,False,5
23720866,113,응봉공원 내부 트랙,671,42006,0.29,0.4,2.7,2.4,37.557379,127.022569,37.55733,127.022614,qlfdF_bhfWg@RO`@?bBD`@DLZ`@d@B^YPk@@wAA]M]c@YME,Seongdong-gu,Seoul,South Korea,False,8
15016882,114,[HUMANRACE] 뚝섬TR 10K,276,579,10.01,0.0,12.3,52.0,37.531012,127.065154,37.531161,127.064356,ygadFelpfWMl@Gb@?v@F`BAN]xAMb@o@tD}@fGWtAi@~D{@`Cu@fAqA`DiA|B]|@Qn@wBxMa@lBOj@Ir@]vAWbBWdAcBjJq@rCe@fCI|@]|AShA]tAs@rDgAzGQjCQ`BKh@MbBSzAcA|Dc@tAY~Ac@~AQr@eAlDoAbDyAdHSh@Uf@On@c@rASb@OFO\Ct@U~AOhBiBjM[`EEvAEp@Kh@KzDAtBIf@Uf@g@Rc@BUCc@M[_@e@iAm@mA]g@_@]ISG_@Ug@Qg@s@iAk@qAgAsB[e@m@o@_@XcA~@y@l@_Az@Y^AJ\`@Nf@Zd@n@fDx@~BZtAvDbNVhAhAzDd@^n@lAjAhBjAbCXb@F@Ue@kA{Aq@u@s@k@MQg@uAo@gAa@{A_@kBsAwEiCaK_@iAo@iC_@kBISSUKo@Fm@`DcD|@q@`@^d@n@|@zAd@~@n@~@HPZ`@l@nAp@fAbAzBt@vA`@ZTDf@GJI^m@Jk@BUN_HJeADkAl@kFh@wDXqAVmBv@eEDw@Li@Xa@Ng@l@_DNk@N{@fAsEr@mCRm@`AwDtBkH`@}AJq@Le@Jo@hAaHf@iE`@oCr@aEPm@TwAj@oC`@sC|@qEHo@n@mD^{A`AoFp@gDTaBv@iEb@oCRo@Z_BVcBRo@pCyGz@yBz@gBb@_B|@mGLo@R{A`@gCXwAZcCJoA,Seoul,,South Korea,False,16
27728091,115,Bridge to Bridge Northside,15407,86247,0.81,0.0,9.2,3.0,37.553475,127.044198,37.550652,127.03591,etedFeilfWNz@Dd@P|DLrAXnB^dBNbARn@Pz@~@rDp@tCf@tAR~@|@rBVb@hArC~@pB,Seongdong-gu,Seoul,South Korea,False,5
26025421,116,어대트랙 5k By 대공원King,392,2950,5.03,0.1,16.4,197.8,37.5473,127.08426,37.547714,127.083992,smddFsctfWKa@OiAEQEAI?mA`@iAd@E@EP?D^bBHRD@XG^YlA_@\UAY]oAOWEAu@ToAl@YR?DXrARd@R?lAm@`@Mb@UGm@Km@Ui@E?oBx@u@TA@@\Jl@Rt@JJPC~@e@jAa@DOCOe@mBMCYH]PsAh@ONADFb@^~AH@pCeATSAEk@}BECUBaAd@e@Nc@XADBZ\bBB@H@j@Wv@Ux@]BKOeAW{@ACMAaC`AWLADD`@P|@Vd@b@K`@Sf@Mj@WRSAG]oAQg@EA]L_@RqAd@OJAX^fBHFH@fAc@l@Qd@WDG?M_@}AKWCA]FkBr@[T?FJl@T|@NXx@e@~Ao@JKBGAKSe@Uy@UMc@P_@VaAZYRBZNl@Rr@B@TEh@UtAc@RS?E[gBMWu@RaBr@QND\TdANd@B@ZGj@a@xAk@DOAWYaAWe@UD_@VgBr@CT\hBFHHB`@M\Ub@Mr@[HKKaASy@GGWBi@V{@Vi@RET^fBJVD?jBu@h@QRSa@wASc@SD_A^iA`@GFALZxAR`@\GhAk@r@WHGBU]eBIQEA{Ah@y@^OL?JHd@Pp@Pd@VE`@YhBm@@CDMAMc@sBKAg@XwBr@IHAFF^ZvALLp@Yf@O,Gwangjin-gu,Seoul,South Korea,False,15
11401341,117,[얼공]1k후문→분수대(북)_@ddamdo,2980,48984,1.07,-0.5,8.3,15.1,37.551182,127.08666,37.549546,127.077856,{eedFsrtfWLhARxAXpARh@NfALlB\|BAJCHOJqAd@w@`@w@XUTEFSr@Gb@D^E^DlA@|@En@@~@DVA|@FtAAlA@THj@DHPHVTLPp@xB`@t@FFd@XZNXPTDZNNBb@AHCf@c@b@C,Seoul,,South Korea,False,12
26607022,118,끝난줄 알았는데 또있네 업힐 700m,2395,37054,0.71,1.1,13.8,37.2,37.548752,127.077413,37.548594,127.083778,uvddFyxrfW\GXMVG`@W^]ZOVUn@qARo@\yAHm@Dg@Ek@UsAAe@VgDQsAG{@OqAW]SSsA{B_@[S]SU_@],Gwangjin-gu,Seoul,South Korea,False,5
16356899,119,광장동 구리 왕복 10Km,189,911,9.63,0.0,49.7,292.3,37.540876,127.104415,37.540886,127.104422,mecdFqaxfW_As@]a@_@u@SYq@{@e@e@u@iA_@c@O]a@g@kB_Ck@k@g@a@c@USa@GU[S_@M{@q@MEYEOGYGYO[S[YkDoAMRCEFEMDKQ?Ia@a@aBu@_ACk@Di@Gm@Me@Q[EE@]Q_BKu@MYSWMWCcAHQ?YEMMUa@e@Us@Oa@OMM[McC[o@e@e@ScAq@YKSAWE]S_@E]SuAkAe@[wAo@[GMGO?[G_A_@y@CSIWCi@?_AK[Aa@Go@QUE}@CYKOKGA]OqAu@QEM@i@WYEOAs@]MCSOm@QWOKQGCOAe@@k@I[Iq@E{@a@s@c@o@m@IMSSGMSSWQIKs@g@CE_Aa@m@_@c@GMGGKg@o@S]USIMUOKQ[]m@m@U_@a@o@KEIQYSmAiAq@s@GMW[e@}@e@iAu@_Aa@w@wAkB{@wAMASYKI[i@SUWc@SYISo@}@IY]]QW{@_Bs@cAw@cBi@y@Kc@Wk@}@_B_@_Am@y@c@u@i@oAUs@u@iBI]O[I[Q_@I[O]c@kAa@_ASw@Qc@a@s@iA}EgAsC_@oAKUI]g@qAe@aBYo@{AeGISEB?FPVXtAZx@Pz@Vp@J`@\t@DVZr@b@zAHNBTHPJn@LRx@xBJ`@JT\nAj@|AP`A?FXd@Nf@`@dARt@\r@DVLXVh@t@hBLPJj@l@pARBVb@BNCFJb@Vf@LZNf@R`@Nd@z@xAHNFBxAfCTd@b@j@f@`AxDpFz@`B^Vh@r@FNDBNZRVZj@NRrArB^b@N\RPl@fA^Z`@j@|@`Al@h@R`@\b@HHJBd@n@XVJTVT\f@NDPNDLLPb@Xd@f@`@^JFRFNNtAv@RFd@^PPZR~@~@f@VZFJAr@Hz@Er@HLDPVLDn@RHFj@R^T\JNJb@J\Nb@LTPj@NRBRHD?LJf@L|@l@XDf@FPCp@PV@f@L^Db@HLCXBv@\VDRC~AP`ATbDpBVHVD^Lr@Rp@l@RJpA^b@VbAx@VNb@Hd@ALJVFZNvA`@`Ap@XN\Fh@KPK|@Jn@RXD\Ah@BNETAr@Ll@P~@GTDXJLCD@JPtAl@BIXFHE`@C@VJHLBFHh@hAPRTf@NNp@Th@GRBZZn@z@NJRH`@`@^T~@v@dApAHLnAvA~@pA^\b@n@NL|B`Df@f@^h@,Seoul,,South Korea,False,20
22955618,120,TRB-강북 천호대교 잠실철교 구간 측정교,15174,38318,1.61,0.4,12.7,10.8,37.543874,127.107878,37.5334,127.095572,excdFewxfWX^x@d@NPlA~ARNPPnAjBnAtAXVVb@TRz@rAn@p@HNnBbCTh@p@r@bA~AnA|AJ\FFr@j@nAbB|@x@\f@\Zb@f@JPLLt@h@LVNf@NTp@f@x@dAb@X`AfARZPRLXb@t@b@^b@p@h@h@`BvBh@x@p@l@T^VRPZVRRj@p@`A,Gwangjin-gu,Seoul,South Korea,False,4
23003952,121,올림픽대교(남단) -> 천호대교(남단),12866,63032,1.52,0.0,2.0,4.0,37.530151,127.107904,37.541848,127.116207,mbadFkwxfWa@]aAm@i@Yi@SgBc@g@@qD_Ao@WkA[iE_BoAi@y@c@iA{@Y_@_AcAQW_D{DaAqA{DqEi@WoBy@s@SSEUKgJyGcAy@_AeA_@S,Songpa-gu,Seoul,South Korea,False,6
24680117,122,어린이대공원한바퀴,2438,31349,2.24,0.1,30.6,85.3,37.550639,127.083514,37.550009,127.084568,mbedF}~sfWwCjAg@VIPOp@Ed@Cj@@vC?`FD|BNbAZ~@nAjCf@r@VTXPn@VhCr@h@J~@H`ADh@Cb@Gd@Qf@Ub@[Z]^o@Zq@Z{@Nm@Fg@Bk@?e@KmCJsCAw@OaBScAWy@c@_ARg@`AkBt@aB|BgBAm@Ec@Ic@Oa@Wg@GC_BH{AI[?m@Ho@N_Cx@gCt@yAl@,Gwangjin-gu,Seoul,South Korea,False,27
13585492,123,일감호,678,10797,1.08,-0.0,31.8,27.0,37.539333,127.076826,37.539252,127.076664,y{bdFcurfWMc@{@o@sAYQKgBq@[SIMUo@QSSOOQWK{@G{@DMDIF]h@Kj@Ix@A~AGh@@d@EJ?HTx@NXNPh@Tj@`@hBl@LF`A`@v@v@h@`@V\PBPH\Dd@ENGLO\i@NaABe@AiBDUFsA,Seoul,,South Korea,False,23
20204917,124,기원정사 오르막,655,2565,0.31,11.5,31.4,35.1,37.554982,127.093454,37.556651,127.09586,s}edFa}ufWOWUOG]KQUq@QWCUGKGYI{@SQWKE@_@Y[QSo@MOKGE?EC[GGIAa@,Gwangjin-gu,Seoul,South Korea,False,5
25403563,125,진옥자전거캠프-아차산(생태공원구간)(JOBC),1464,3271,0.75,11.4,27.9,89.7,37.552663,127.099815,37.557838,127.103758,coedFydwfWKFCFEAYg@G?EG[UIQMKMk@KMEMUQOc@ECSYG[Q[IC]?MBQCgADMF[Bc@Aa@g@OKS[]eA?IGQSWKYEEQIOQ[SIIOCU@SFE?]QOEk@i@YOOOO]_@a@_@HMAE@o@k@MS,Gwangjin-gu,Seoul,South Korea,False,0
13127102,126,Goduck 6km,680,7928,6.04,-0.1,16.3,13.0,37.55136,127.173589,37.55136,127.17375,_gedF{qegWONUJSDa@BYFUNs@Da@NWDc@AaAHo@PeA`@w@L]@oATu@ZuA^a@Fe@PkAd@uAZ_@AKGMHU@SAQGa@@c@O{@O]BQ?sCSaADGBWEeACYG}@Cg@Kk@SOIMGe@KyBuAcB{@QC_@CW?s@HSDo@RaAf@q@`@[L}@n@c@^s@`AY|Ac@tCiAhGk@jDSx@Kp@cAtDGl@Mh@c@jA_@rA[tAm@~Bg@|BQ\UtAk@bBq@~AaC~DeCdDkB|Ck@v@aBfCi@n@U`@KNb@QVQf@q@nAiBdAcBv@cAp@eA~D{FxA{C|@iCf@mB|BqJdAyD^eBl@cCt@wDfBsKHo@EIKGAEVaBJ_@f@aATYl@k@bBeAlAc@v@]|A[RAVDf@Nn@Xp@`@p@Nd@TlBVnAJd@QVJRBPCRD@ZPHRBl@Nn@IHDZTd@Af@ERFRBR?TC^@h@RJHF@XANFJ@XBFCLHHB^Ep@Od@ULCN\HBd@Uj@KpCcAjB]\KPBTOPGTAPDTERQRKh@KPGjAORMPGb@Ij@AXETDx@CFSRQTEVB@NWJ}@JSAYFGWFWNUTK,Seoul,,South Korea,False,21
21202028,127,진옥자전거캠프-서울둘레길3구간(해맞이광장-상일쉼터)(JOBC),1537,7366,1.62,-1.4,12.6,26.1,37.52858,127.15266,37.538757,127.16274,sx`dFcoagWs@i@WWc@i@w@?Y@[ESB]Ea@Qo@i@[I_@Bs@TYF_@I[MWWYcAUsC[kBCkAG_@e@g@eAiBi@aBO]u@m@u@u@G_@IgAIc@]s@a@m@o@eBc@s@UW}AsAYO}Ai@_@_@k@y@e@M[S]YSY[w@y@mAo@{AU[uA}@UY{@Da@TeAT[Nc@A,Hanam-si,Gyeonggi-do,South Korea,False,2
19482363,128,진옥자전거캠프- 서울둘레길3구간-일자산구간해맞이광장(JOBC),2368,9303,1.32,1.2,10.5,38.1,37.537685,127.16294,37.530045,127.15333,oqbdFkocgWRVrA^VVp@`BRV`@t@\|@BTPV`@Pf@HbAjAXVd@Rx@JXLf@^RFt@j@NVJZ@\P`@t@dAZXLTNjA@nATd@fArATNPXRTBf@Ln@LVh@l@L`@v@h@DnA`@nB@lAHlAJj@R`@^RZF`@?xAKVNb@@ZLVN,Hanam-si,Gyeonggi-do,South Korea,False,1
21201994,129,진옥자전거캠프-서울둘레길3구간(상일쉼터-해맞이광장왕복)(JOBC),735,3875,3.9,-0.0,12.6,80.1,37.540836,127.16454,37.54099,127.16463,eecdFkycgW\TXJZRvBdB`A`@\VXb@PZRRVNZHjAObAc@n@KXFn@d@p@`@TTh@t@`@|@RXx@vBTZfAx@`ArAn@d@v@VXBRHn@b@n@ZRRv@xAPb@p@z@Nd@Tf@Jp@LrAr@bAz@~@P^Jf@b@bAT\bAlAHXd@zCNtBFhBP^TXVN\Cz@WZC^HtAd@p@LX?~@Kd@PhA|AXX|@r@JDSUk@[s@i@WWc@i@w@?Y@[ESB]Ea@Qo@i@[I_@Bs@TYF_@I[MWWYcAUsC[kBCkAG_@e@g@eAiBi@aBO]u@m@u@u@G_@IgAIc@]s@a@m@o@eBc@s@UW}AsAYO}Ai@_@_@k@y@e@M[S]YSY[w@y@mAo@{AU[uA}@UY{@Da@TeAT[Nc@Ac@O]Se@_Ae@[u@]WQk@k@g@m@iAo@eA_A,Hanam-si,Gyeonggi-do,South Korea,False,0
19357942,130,일자산공원 (중간트랙 1바퀴 ccw),156,2462,0.48,0.5,18.4,22.8,37.532652,127.150676,37.532598,127.150792,aradFubagWJRVRb@?`@JJANEROJW?QE[@[KQKGOBKAm@QQKOU[o@GEQBYAYIWOWBOFMXEh@G`@BP`@H|@Nd@PZDLP,Gangdong-gu,Seoul,South Korea,False,2
19467230,131,진옥자전거캠프- 서울둘레길3구간-일자산간해맞광장계단(JOBC),1032,2909,0.23,12.9,28.2,29.8,37.52674,127.150795,37.528362,127.15236,am`dFmcagWc@_@[SwAuAM[SUKQiAg@We@MIOS,Gangdong-gu,Seoul,South Korea,False,3
19698662,132,원터근린공원 한바퀴,58,1281,0.54,0.0,12.2,13.0,37.552388,127.150505,37.552383,127.150493,kmedFsaagWAMS_@GYQQMGGa@Y_@UMK?MBKF]HIHOTq@Xq@j@YLo@BIB?h@BDVFVBj@JjA@JDJBh@?d@Lh@@J?j@]RW@K,Gangdong-gu,Seoul,South Korea,False,3
22506335,133,진옥자전거캠프-서울둘레길(고덕역낙타등코스)(JOBC),1282,2171,0.37,5.6,19.4,21.6,37.554826,127.158492,37.552285,127.159278,s|edFqsbgWRsAh@}@XYb@m@PKNGj@i@PIZHX@bABj@ERBZVv@lAPP,Gangdong-gu,Seoul,South Korea,False,0
19460470,134,진옥자전거캠프- 서울둘레길3구간-일자산산2쉼터(JOBC),1408,2357,1.62,4.1,17.9,76.8,37.542126,127.167915,37.53276,127.15706,gmcdFmndgWOXGVC\HJ@h@DREN?TOHADG@F\Dj@Jj@PP\r@`@f@ZFFV@\JLLDXd@RLV~@r@pAj@BZTt@t@p@v@~@f@JV^NJLHb@RTl@H`A?ZMVEvBi@Xf@RVrA^VVp@`BRV`@t@\|@BTPV`@Pf@HbAjAXVd@Rx@JXLf@^RFt@j@NVJZ@\P`@t@dAZXLTNjA@nATd@fArATNPX,Hanam-si,Gyeonggi-do,South Korea,False,0
22667788,135,진옥자전거캠프-암사선사초등학교-언덕구간(JOBC),103,583,2.11,0.9,7.0,41.0,37.556197,127.12964,37.559135,127.143481,eefdFg_}fWa@O_B]SCy@UaA]_AWqC{@uA]kA_@qBaAwA}@uAgAaBiA{BaA}A_@qFc@_BaA]]aAkBCM?UIa@WaACg@@YJk@P_@l@{@lDiEzDqFfAgBdAiBrAkCbByDxBkEzBaFv@oAf@o@\_@,Gangdong-gu,Seoul,South Korea,False,1
24496576,136,아라뱃길 진입,1336,5196,2.69,-0.1,40.0,0.0,37.592053,126.783848,37.575531,126.761699,iemdF_nydWr@l@RXnAbBn@dA`C~C^n@R`@TTrAhB^d@rAnB`@b@b@t@b@d@d@\Rh@`@r@z@hArCpEjA`BXZ|A`Cv@`AZj@bAvApBnCl@~@lCtDh@x@b@x@xAtAfA`BNLj@n@r@jAPl@Xd@t@fAb@t@dApAv@pAlB`CdAjBn@~@LVp@~@vAxA`CnDvAjB`@r@lBzCzAvC~AvCdBfE,Gimpo-si,Gyeonggi-do,South Korea,False,8
37056512,137,근린공원-약사사입구,282,1198,0.48,12.7,35.0,57.5821,37.58277,126.811966,37.582376,126.807606,gkkdFw}~dWa@h@U~@Er@[h@O\@\NRALc@d@AFF\?`@F`@Mn@Cd@HVHJDLAh@Z\?HJZRDNFHHBRL\PRb@jAXP,Banghwa 3(sam)-dong,Seoul,South Korea,False,1
37056515,138,강서둘레길 1-1,150,665,0.75,-0.6,16.8,32.0254,37.577713,126.807523,37.582323,126.811073,ukjdF_b~dW[cCOSCCOBWRMDOB[IMO]QC@MGY[GMAk@MOc@Om@?QSYQOQEUEIGBIAU@KDEFc@Ki@G[_@EBGAOWWCQIMCs@DIAGIyA[K[KB?BSPW@QCIk@EU@o@Tk@?MUo@,Banghwa 3(sam)-dong,Seoul,South Korea,False,0
32806179,139,개화산 언덕 순환,21,54,2.29,-0.1,17.0,79.4,37.576533,126.808089,37.57647,126.807921,idjdFoe~dWGPWT[AMHCFg@^u@Pi@\I?UG_@Ma@UYCY@UGYLUDi@j@G@m@Gg@DIC_@W{@e@[EWBk@RI?SHW@SF]_@SOOGKAK?_@LOFi@@QBSNADSTs@TCR@`@EZ?XBTWb@EPQVTj@@dAOJO\WlAc@fA_@^UJIAi@KGEmBQg@M_@e@CI@C`@CZQ\C`@N`A`At@RZ?FKDa@BCAOF[LYFYR_@CQRi@Im@BOCECYFQ\e@Pm@?[@UJ_@~@s@BKJOr@K|@_@r@RRPPD`De@VD^Vb@`@TBh@Cd@JJ?`@a@TMRQTATDz@@ZLx@b@ZBj@c@`@Kx@[ZQj@WNIDOG\OX,Gangseo-gu,Seoul,South Korea,False,0
32806213,140,개화산 언덕,91,437,0.97,7.1,14.7,69.0,37.576473,126.808153,37.582933,126.804621,}cjdF}e~dWKLGPWT[AMHCFg@^u@Pi@\I?UG_@Ma@UYCY@UGYLUDi@j@G@m@Gg@DIC_@W{@e@[EWBk@RI?SHW@SF]_@SOOGKAK?_@LOFi@@UDOLADSTs@TCR@`@EZ?XBTWb@EPQVTj@@dAOJO\WlAc@fAYV,Gangseo-gu,Seoul,South Korea,False,2
21612765,141,서울식물원(CW#02),1443,13236,1.52,0.2,14.3,10.4,37.567504,126.832051,37.567485,126.832064,{khdFi{beWjAlI?FGL_@G][IWMQCYYOw@k@UGu@CIEW?_@EW?WGc@Cq@KWAME[AGEuAIMCg@CECy@EUGW?KCo@AIEiAIKEsAIEID]?m@CgA@}@PqBH_@^m@h@m@`@URGn@@LDn@\LJl@HDDL?VHLHf@NHJf@Vd@b@JL^TZFHDXH\DnAZRLFDTHDFpBlAb@ZLR,Gangseo-gu,Seoul,South Korea,False,9
19776115,142,Courtyard Seoul Botanic Park -> Magok Batminton Court,4357,112381,0.6,-0.1,0.9,0.0,37.567152,126.830128,37.572218,126.831796,uihdFgobeWoAwBW[USa@SUG{@O_Ho@eF]mBSyBOSG,Gangseo-gu,Seoul,South Korea,False,10
20824817,143,서울식물원(CCW#01),2074,28514,2.31,0.1,9.1,17.4,37.572131,126.833254,37.572125,126.833254,yhidFybceWK`CAdCBPJJbA@NFH?NDx@@FDX@HDt@?TDj@DFD^HH?FBX@FJFC^FX?LDnAHT?D@HALBd@BLBVBTDR?XFX@BD\HVN^\j@|@b@v@l@n@HPV^PJR?f@SL[^{ALUZW\OLADEH?n@KdBB^CVIDIFg@d@wBFq@BcA]wBMiAKSMG]FGFE?WJ[?SHI?IDO?CEW?EAQM{@w@GACEOAIFWZGJUPUXU^C?SVc@`@MXc@f@IVY\KFQGg@c@aAi@_@]IAe@Yu@UaAOk@Oc@U{@u@UKMM[Sw@YiASYSq@_@e@CY@WHUN[\O^KHCJC@Mf@A\,Gangseo-gu,Seoul,South Korea,False,37
15048026,144,염강나들목 to 방화대교 (4.5km) [gjpark],2653,8418,4.55,-0.0,5.2,0.0,37.562523,126.864854,37.584329,126.821798,wlgdFihieWm@rAu@fBi@|@wBvEy@|AK\S^K^mE~HO\UXcA~Bm@|A[d@Yj@W\e@|@u@vBm@bAQf@{BjESj@g@~@Yr@U^_BpDw@pAgA~Ba@j@Yf@]x@M`@kAdC{@~A}@nBoA`C_@x@aCxESd@Sp@iDxG[f@mAnCw@rAaA`C}BxEi@|@_ApBg@~@q@vAg@lAk@jA_BhE[fAq@pBQv@g@xA[xA{BxIe@xAy@xCe@`Bm@`Cm@jBe@`Bu@vDmAfEs@`DYv@]jA[vAy@jDi@lB_@hAI`@q@|AeAjDmBnFuAdEa@xAqAxCIF{@T,Seoul,,South Korea,False,5
5652484,145,Gayang 10k back,1611,3691,4.99,0.0,13.7,73.7,37.586049,126.817402,37.56246,126.8648,w_ldFw_`eWABHUR]Vi@`@eALu@Cq@?u@b@cBNa@l@w@N]f@sBFq@D{ATg@t@_@rAc@Va@fAoC`BgF`DiJzCiKrCeLhF}RxEcQfAyDVs@hAgF`AaD~@qC~AiEzAiDxAyCxDuHpEiJpCaGdC_FpMwWv@cB`EmIfBwDnAcC^}@~EsJTk@z@}A^_AdAuBlDuHj@eArBkEl@gAvA}CtBiE,South Korea,,South Korea,False,3
11144927,146,한강안쪽 500m 직선도로,781,14863,0.52,0.4,9.0,6.3,37.573588,126.843904,37.570765,126.848515,{qidFkeeeW^k@N_@j@s@Xe@f@aBT[\m@Pk@Nm@LWf@m@fBaElAcBTk@|@uA,Seoul,,South Korea,False,1
18168336,147,방화근린공원0.76km,216,6793,0.77,0.0,19.6,18.3,37.581074,126.814099,37.581077,126.814085,u`kdFak_eW?iAEYRs@@IAEc@EUIe@Gg@?_@J]r@Gb@K\WzAQr@Wp@Gd@Mf@Kz@Qb@SbAEVVT^T~@TF?BCNg@Xk@PqAhCcFPg@?W,Seoul,Seoul,South Korea,False,5
20824793,148,서울식물원 습지원(CCW#01),3801,25914,0.71,-0.3,6.7,4.8,37.577942,126.834803,37.572694,126.833318,cmjdFolceWJGRCd@WP@VJPHRT^h@JFR`@j@p@RFr@U`@EVLl@dAZXVDBAR?`@KL?BBB?FFd@~@TVJBH?NGh@w@TQP?`@Zv@x@NJPFFF`@DH?PEf@CPGNILML[,Gangseo-gu,Seoul,South Korea,False,3
11338494,149,"Gayang Dae Gyo south to north (가양대교, 남>북)",7782,9862,0.8,-1.1,1.5,0.0,37.567105,126.859624,37.573266,126.864233,kihdFsgheWaBiA_DmBoGkEgG{DaDaCwB}Ai@[qB}A,Seoul,,South Korea,False,5
15847462,150,Magok Naru Park(M Valley 6&7 Apt.) 1km,106,16378,1.02,0.1,10.9,20.3,37.56589,126.821583,37.565203,126.821889,yahdF{y`eW_AiDQe@QOIAUBMHKNCREtA?x@@NHRTVv@HnAEb@IJEh@[PM`@a@hAaATWPAp@s@ZOl@q@f@c@bAe@LEZADCE_@Mg@KYGIGCIBKp@ITu@zAKHe@r@u@v@m@V_@d@i@Pi@h@,Seoul,,South Korea,False,4
2982725,151,상암동 436 2 Climb,1837,10144,0.87,7.9,22.8,68.9595,37.575994,126.866877,37.576972,126.875483,}`jdF}tieWASQYKu@I]]u@Ki@U{@Si@SeAGi@Mm@ImAAy@ESAi@Iy@@e@C_@EuDOcACsBEg@@g@?w@CMIkAE]I]Co@AkAG{@B_@Pg@l@s@LKDADF?LOh@,Goyang Si,Gyeonggi-do,South Korea,False,9
24352367,152,메타세쿼이아길 편도 서>동,12420,74093,0.84,0.6,4.2,6.0,37.567329,126.879679,37.562936,126.887401,wjhdF}dleW?SJWXc@h@mAf@wAlCuF`@eAf@w@r@yAr@qAz@mB|@{ANg@v@aBDUl@}@v@gBR[H[p@mAXq@\k@,Gangseo-gu,Seoul,South Korea,False,9
14412611,153,Around Noeul and Haneul Park,3238,26861,5.89,-0.0,38.1,151.8,37.576018,126.880205,37.575966,126.880337,aajdFghleWKJ_@Tg@v@UNq@n@eBzBSb@]rAU`@APGLuAhBa@j@OZIJW~@ONELCT?\Mj@B`@Er@J|@AVTjDR`AR^Pr@ZdAPXd@bBBVHZAVFh@Hf@HXRrAHVBh@Jd@Hn@BhARlEJt@\|AJRVXHPXP^d@\p@^d@\P\`@^Vv@`@RDXBPINMJM@IHMd@e@HYV[P[^g@FQNSJ]\c@^}@Zc@hAeCNg@PUN[b@o@DSj@cAVs@h@u@\cAXa@`CiFXa@P[Ne@V_@^eA\w@RUZkAR[Vq@|@wAHUn@aAHUhA_BXs@@c@Ts@NQJg@FMd@e@Ja@N]X_@HSF[RSVOJQJ[|@_BPo@Vi@^e@P]Jc@h@sAV[Nc@b@q@DOT]FWVc@v@kAHYRe@LOV{@N]TYVq@b@e@Lu@j@gARo@LOXm@LILUZ]`@s@FW`@m@DWJQXu@Lw@rC}EJs@@QEq@K[Ye@OO{@m@SSKSUUm@[_Bi@GE_@g@WQi@m@g@c@MQICkAwAYQa@_@]i@MKMWUWUKQ?QFWNWJc@VON[Tq@Zo@f@iA`@]Vm@\_@Zg@R_Af@a@^}@f@SNWHMJQXM\QXSd@c@l@i@bAUPe@n@c@`ASv@Iv@M`@EVM\_@h@k@fByAjBcAdBo@d@o@Xq@LMLQZOJ[^UREHAVDx@CXk@n@IXSf@}@x@_@l@UVELc@f@g@fAi@l@KVONKRQP]l@WZ,Seoul,,South Korea,False,33
10831175,154,Wooden Stairs near Nanji ,510,1718,0.16,24.4,32.8,40.2,37.572465,126.871915,37.573208,126.872652,{jidFmtjeWKYMJIGAWEEM@?MQ@E[S@ASCGG?IBEA?QEKKAIEBAFD,Seoul,,South Korea,False,5
24094687,155,Dal ponte al campo calcio,14094,70488,1.15,-0.9,2.9,0.0,37.566467,126.891518,37.573963,126.883433,kehdF}nneWk@PqCdBcAh@}CvBcAh@qA|@gAf@q@h@MPy@~ASZ]v@k@r@KV_@d@CRIN[`@DGG@QROl@K`BId@s@`BQZe@l@g@j@W`@Wl@W^i@`@kA`@a@Bm@p@q@~@a@v@,Mapo-gu,Seoul,South Korea,False,5
14201892,156,상암구름다리,8013,19520,0.22,5.9,8.1,13.3,37.56052,126.889403,37.560929,126.891083,e`gdFwaneWEeAFm@x@eB@UCc@Ug@a@UOAk@DWA,Seoul,,South Korea,False,16
25604141,157,하늘공원+노을공원 둘레 1바퀴,5157,31117,5.88,0.0,8.8,34.2,37.566041,126.891248,37.566031,126.8912,wbhdFgmneWm@_@YKa@JWBu@VkA`Ac@P}BpAwA~@o@\yA~@c@\_@R]Xc@b@KXUVg@~@CN]~@UFq@j@Sl@UZU~@Q|AKT]f@Wh@[|@[VYh@s@z@m@lAyAdAq@Xc@JQPOXY^i@l@ARPb@CXQn@MLaAjAe@bAa@ZkAxBSf@MNs@jAa@\oAfBQN[t@w@t@w@d@WTKVu@x@SJ[n@IFCJMRAL[l@AJIPMDOZ_@nAMXe@v@GZ]l@GV?LCDIj@IVAv@Or@@TFRBp@H`@HJVr@L|@HNPj@p@rANl@Rb@J`A\lAHh@@n@LRGf@Rz@Bz@Jh@BtBCPF~@L`ABv@Jf@XfAl@p@HNJFT^RJHRXVd@`Br@h@Xb@PH\n@I@KICILGXB\HL@TENYH[Tg@n@}@LWPc@Zm@tA}BXYTa@`@aAXe@Xq@l@_A^mAl@sARc@\y@R[Tm@RULYPg@l@gAd@oA\k@d@eA\m@Na@Jc@\a@~@eBPo@f@cA`@eAh@y@Rm@R]JIDIn@y@d@uAVe@Le@l@_AL[XWN]R]LIV{@ZsAJS\QL]AUB_@z@uAj@yAX[?YBKTi@TUV]BKNOf@iAd@k@Va@TMJa@NORa@Jg@Z[V_@NYBCPWHQFc@v@oABILOPo@^i@h@sAb@y@J]d@iAFa@L_@j@qAZSfA_CJg@Rs@Cc@CQ[o@ICa@UgAaAyBiAQEe@a@]_@IMm@k@o@_A_@c@YOKQUSa@g@o@i@,Mapo-gu,Seoul,South Korea,False,19
14923511,158,Seoul 10ker - Straight 2,10138,68638,2.24,0.0,34.3,54.6,37.574734,126.867455,37.562817,126.887733,ayidFqxieWZYT_@`AsBfAmB`@k@J]j@kAl@uA`@g@p@cBv@uA\}@b@q@Ro@x@wA\{@\q@Pi@~@_Bv@kBb@q@\y@LQ\aAdAsBH]Vk@p@aAVw@Ta@ZcAj@eA\_@l@aAJWlAiC\k@Rg@J_@V]Xi@Nk@Ta@PUL]T]bAgBZy@Ja@f@_ALQd@qAx@}@Nc@Hm@FOJQr@{@Te@LO`@w@j@wA^w@d@mAVc@JY^o@Na@x@cBf@{@j@{Aj@_AN_@,Seoul,,South Korea,False,5
13527829,159,Eungam river,2934,28916,1.09,-0.2,3.8,5.5,37.594133,126.915131,37.585007,126.911765,irmdFqbseWbBTp@@r@Pt@Jt@NZBZCr@h@D@h@D^?d@RPDnC\l@NX?b@Bf@JX@LF`AL\Hp@FLFx@?\D^J^DjDl@b@Tl@H~@XPL^Ph@d@PFRPTZn@r@XZTLV`@DFPFLR,Seoul,,South Korea,False,7
19053442,160,사천교~홍제천 합수부 왕복(5.0km),1381,7607,5.01,-0.1,17.4,71.4,37.568653,126.917275,37.568298,126.916865,ashdF}oseWFh@F?DBLJ@HJJp@RTVPLLPj@d@VZr@r@HLPJhAjCXzAz@~CNxANd@@P^vAJr@Tx@Hh@Rv@^v@DrANfALf@Fj@ZlA@fADZL`@Hj@H\TtBPh@Fx@Pr@B\Hd@?RAF@HRr@j@lAFRLhAZdBT`CZjBRp@Jx@RnA`@bBFn@L~@N\TjAJtAh@pBVnAJVLRBXLb@?h@`AvB?HLV^\\n@Pn@B\HZJt@R\`@jAFb@Rl@TlA^v@Rl@b@x@f@lBVl@TdAn@zBp@~Cj@z@f@h@D@?G_@CICa@a@GKCOOS[_BEg@Ka@Eo@M]Gi@q@}AYgAWa@e@_BKm@g@iAI[Yo@Oo@IQY}@Io@c@gBe@WUm@W]SaAM]IIEMIa@CeAGg@Qy@g@qAg@gBE_@Ae@EW[iAYoBSu@Ac@@QSk@KeAKQE?a@}Ck@gCGq@O_@I_@MgAIWEy@?cAOy@KYGWKUWcAKSGYAWUi@As@UmACk@Os@KWEWK[Mw@k@oBa@iBEIAIUeABOCWUkAK]Ei@UkAGq@IYEc@WeA_@eBK]OaAUYCUSk@o@w@Si@_@e@[q@W[s@g@i@i@SM,Seodaemun-gu,Seoul,South Korea,False,12
6953204,161,Ingwansan from south ; road to summit,5418,12627,1.55,17.0,49.6,282.0,37.573735,126.964136,37.584903,126.957879,yridFyt|eWEFQN}@f@MF?BGBkCVeA?[Bc@FMFMRQLiAVUHSLSDSBw@QY@y@N[RWVCJUj@QXIDQPYj@IHY@BDED?FIDOPKV_@n@{@Z]Ro@zAu@bAUR{@d@SRS`@MPK@e@NUt@ERMPEPIJCr@YjA?d@CFGDOBCCAGOIO@[LS@IH_@PCHUN]Ha@Fo@`@K@SCWK]CQGCC?CADCC?DMEGBB?[BU_@OBEJSDCBC?KIK?MFq@YUCSII?SEO@ULOAm@L,South Korea,,South Korea,False,32
20051823,162,stairs up Ansan,1157,3125,0.38,21.2,34.0,88.8,37.57489,126.943744,37.576816,126.946886,azidFkuxeWSM_@EE?CEE?a@_@EAGEQWE[@OJS@IsCsFEAGMCQMUcAgAEMEmA,Seodaemun-gu,Seoul,South Korea,False,10
24264946,163,TRB - 인왕산 편의점 대공,6903,16589,0.48,20.4,49.5,100.0,37.57832,126.961895,37.580821,126.958076,oojdFyf|eW?HIFINIR?JSf@eAh@ODCAGDK\ETGNG^c@^SJMJEJMHUBe@TORYn@EDAXKBIHIBGLOFALCB@TETGHI^IRIj@CBEP@VGT@X,Jongno-gu,Seoul,South Korea,False,11
18922738,164,[Tom's] Inwangsan Stairs to Buam,5219,11172,1.6,-11.8,27.7,41.6,37.584812,126.958006,37.591794,126.966419,axkdFon{eWb@G@DCDAHED_@DCBADMFXUDBH?BARCHKACMIK@i@IEDQDe@IU@GGSCOQ[QSS]g@_@]IQAe@M[DURm@?QCKCk@EIBCOEQg@Km@EmAYaAGk@W{@ADs@cB?SSUa@]g@Bi@IOo@M_@Iq@KOcAy@o@Qo@a@QWYk@MMUOa@I?OF{@FCFBJHBAHUAYWGAARDQIQCSHiAp@SFu@A[a@QKQCMGg@s@G_@MYQk@AIDYO}@?{@IWDDFXDj@Lt@?ZCFKEY]]u@USCAe@FI?QGKAMG,Seoul,,South Korea,False,6
2707595,165,부암동 359 10 Climb,2454,6738,0.54,7.7,39.0,48.4573,37.590862,126.965584,37.587062,126.963881,{}ldF{}|eWCh@DTRd@LNNHbBr@P?TOZMz@a@LAL@NDlAn@LDrAHVFf@Tp@j@j@P^Bd@?v@JDL@NGHWD,Seoul,,South Korea,False,5
21694739,166,Inwangsan-ro Descent,1000,1884,0.75,-8.9,-3.8,0.0,37.579834,126.962338,37.574966,126.967393,}xjdFqi|eWVBXAXId@YLMVc@n@_BX[VQf@Wv@[xAOZKNMZe@xA}C^m@LOb@]XMh@_@|Aa@PMb@gBdAkDFa@,Jongno-gu,Seoul,South Korea,False,3
6487491,167,Segment,151,294,1.5,12.3,49.5,204.8,37.580414,126.934214,37.590623,126.927925,q|jdFyyveWVb@\^DP_@|@ONGXOXORQNOJYJQPQXSj@Wj@o@~@i@^IDO@aAd@Yb@e@pAeAvAYTSB_@MEEEQMOU]MM[SA@?CIGABCGICU?m@Uy@MUQSIKAI@ILOp@UZM`@c@f@GTEDu@`@g@b@]JOH]^IBGNYVKDY@_@Ra@VG?SHc@ZMDk@Vi@PK@k@p@[d@KJKXIJUFQ@g@X]Jw@Lm@GYQg@KM?OIKBKFu@RKASGU@SA,South Korea,,South Korea,False,3
5948918,168,Segment,265,914,0.57,10.5,26.9,60.6,37.566275,126.958324,37.569114,126.954054,edhdFop{eWCABDENIBEJDD@JKXArAADWTa@BMN?DJF@FG\AZCFAHMVKH@POVER@FEVEBELs@x@c@Jo@HIHc@RCHq@P[d@?FQLOHg@d@A|@GPQRK`@WP,South Korea,,South Korea,False,0
6487490,169,Segment,237,509,0.44,10.6,42.4,50.0,37.580132,126.941966,37.576553,126.942478,yzjdFgjxeWJEJP\RNNb@RXRTDn@BTPRHFA?ETYVMPUXFVSDCbAEp@]h@ANGHKZK^WHERATMNEJMPE,South Korea,,South Korea,False,5
7128835,170,"Hongje-dong, Nokbeon-dong & Eungam 2(i)-dong",174,346,1.76,2.5,25.7,0.0,37.59431,126.937386,37.587894,126.928695,msmdFsmweWKPkAbAc@PaALWVYNo@|@YRCDAn@EZi@h@_A`@_@FWCSJP\VbA@b@Of@APXlBLjANXRt@N`@JLh@XBF@`@PLNPPn@BVBFzAfARr@LXHZf@b@HVPV\Nb@n@Zn@JJZFVNNDRVNBHDZb@PPT`@PNVXRLTFv@R\X^FHDr@x@TDVTb@TN@b@MPDZTj@D^?`@FJAVSv@UJAJBBD`@r@HFp@Ft@C`@M^_@r@MLG^k@^c@NWZQ,South Korea,,South Korea,False,5
19165318,171,경복궁_시계방향[2.6km],5453,27882,2.64,-0.0,20.5,24.8,37.576301,126.979405,37.576423,126.97941,{bjdFgt_fWXNh@j@PVFLFn@Aj@HvC?dADl@?jAIjAMlD@hCIb@c@j@iAJyAFWF]L_ALaBB]Da@JoAD[EY@UGE?e@HoBJs@JsAFe@Fi@AS@k@GUDGAWUG?ODWRG@u@AsAJ[CKGIJG?s@KQUOEa@CEEG]?OCQGW?OEi@ASMq@AYIc@Cc@@YIQ@YDWIe@AQJK@GWwADa@Eg@D]JWLkAAi@Tq@E[Bc@Fg@HS@u@Jm@R[JKFUj@g@l@QTE\Q`ACRD~@?h@GZ?XFL?f@D\Rn@Fl@P^@RHVDdA\p@HjAXPE`@Dh@Id@?^BX?RLd@Bl@IbA@f@FNId@DRGf@H,Jongno-gu,Seoul,South Korea,False,81
6279973,172,Hyewhamun to Dongdaemun,3674,5527,2.07,-1.3,11.9,58.8,37.587246,127.004255,37.572114,127.009631,ggldFqodfWJIPYP_@Ts@j@_DHa@NUBa@JUz@}@TITF|@Qd@w@TMj@?p@RXAl@Mx@e@ZK`@Kh@D~@_@V@b@J|AbA^Dl@GVI\YLUBQPYXW^s@p@u@H_@PUz@i@^c@TO@LCPBPJNf@LRBSCFBj@BXFNL^W@JEJ@Dl@l@XLz@HVIp@DXG^OPOVO`@AbA@RGl@]`@IHEHMEJ@E@HVFn@DnAXrA?d@C|@m@VG@QBKX[TM\GV?\Hh@Vf@JZCv@[`@?\D^CpAFTQ^y@v@w@VO,South Korea,,South Korea,False,12
2413157,173,청와대로 동행 Cheongwadae-ro Eastbound,12724,66428,0.8,-0.8,6.3,10.5716,37.5833459,126.9739714,37.580988,126.9801445,{nkdFir~eWWMSyAQaBQiA?uAGiB@}BFuARaCPoAHwAF_@?g@Di@Nk@~@u@b@Y^Kn@K~@Al@Bx@OBGHCrARXJ,서울특별시,,South Korea,False,7
16697641,174,Chilly Hamnida,39111,91328,1.06,0.3,2.2,3.6,37.569475,127.00456,37.56822,126.992816,exhdFoqdfWEp@Kl@Or@Ap@\|@\~APlCFZHNDX?XGl@Jp@Kp@Ml@Bn@?p@E`BIt@Br@P`B@n@Ht@XxAK|@?H\r@Jr@@l@Dl@Pp@Lx@P`B?\`@xBHt@DdCTtB?f@,Seoul,,South Korea,False,13
18038011,175,Following the wall,3345,4973,0.9,7.9,49.1,84.2,37.572636,127.008633,37.580394,127.008491,}kidF}jefWeABOA_@K{@IQ?}AXc@Ke@Cc@KSAYNQ?SBQJc@LQF[\[H{@Aa@C{@OsAOw@?UFw@b@e@CU@e@HcAn@YJc@BqAESCc@Qq@e@yAg@m@MO?,Seoul,Seoul,South Korea,False,6
